blind_id,receipt,source_file,drive_file_id,fetched_title,title_match,file_size_bytes,downloaded_byte_sha256,lf_normalized_sha256,canonical_json_sha256,locked_raw_sha256,locked_sanitized_sha256,locked_raw_hash_matches_downloaded_bytes,locked_raw_hash_matches_canonical_json
H001,normal,engine_card_025.json,1bxGScv8njqaDoGYEtv435uzYeJAnXwdk,engine_card_025.json,True,5191,30f3a48d8a4fe26d485e5ccaa33f13826a659daefbc47fcc12035ed6bf2a2368,174a37731c0c075f1e5af7c637fcfbe5d833657a51f3bfd3773f405b359a57b7,7513e01efaf632fbec7503c95069eef86c57b6c04711fb00721ff8e3029ae051,2eaf58981ef9109ee79fe8ee573e84e8a01e7a2352b3835f4cfe74663c5128fa,9b3b360c3f28b55cca153a240d3c28e7ce560c7f588038d4c44bc1c2b8fe4653,False,False
H002,normal,engine_card_065.json,1GXuz2L_VPPnEIgDFgUuzFkinlPnBvimX,engine_card_065.json,True,5198,86c506e7ef6128c7e9d4dcb97b2dfa48279cccb9110cad4bf288c0b8251b21da,3aea2c2ddfa0b614fabfa5339fa65eec387485dd80c5e43feccdf4ee4505b590,edacd6d73177ca7a24a58ed1cd2260eaecffe87b7933c3517e68c4af5127024b,870dcb071a45f563ed27e94fe3035c33f0b2185a15e53775669cf09b1ca29962,5766500d627e4e0ebc5c125fda96ab4940a589caf74af499d08be642625bcdf6,False,False
H003,normal,engine_card_054.json,1cc5lSbhMZdZs_kefzLaXpsIAAABx3Y8I,engine_card_054.json,True,5202,ad1afd0ce93aeaf6fc228949df4158394e549af45d259cae9bb594f2aeee77ee,a21d8d0d376a98616f69f37f6b1db87016295c13610b81865769938a89550e8e,a877887637ba0c9113b71d7447c7455b6538012fe9ca36b2eed5b4eec742e0e2,6338d75a0780e3c184364a9a77b67431493e60e04efea5b3f0799c946104e6b8,e6bfd96e68e9379757a26c3e0ca70cbd48c09c3f376c20d495d5e56789f9a3fd,False,False
H004,normal,engine_card_009.json,1gtlUtmNWV1GBIEVZky-MK94Is-1RYiKe,engine_card_009.json,True,5173,0204ef879ea0799a64498fc44b4f4e21985ef6c62df390f144ea0d13a72fe38d,e3b1b0ee8abe33a1f46738eba4ca85dbdc5cf599fe32fff99bea1df505828d22,c1851b520a4b94dd79b5824775ad35beebdc359b6a9281ddb5ccbc8ad01c89c8,8e2c7787bb8d5bf75b7e2f8af639937a49b5c9d0340480c2ee7a5ba41a2e116f,29efaeef7805bd4cc73497aa5ffa06209cc8134bd4a1ff94fc6e15feca6cddd2,False,False
H005,natural,confirmed_event_010.json,15Wgw7o8rEK6fda5eeWPnEJas6vr3MZej,confirmed_event_010.json,True,530,eb203628596fc1dfb625b2cd9f8bb88f3bf37ed95f6c7297b52f4be4346fe286,4c704920712ba3fab98bf6393d4b082d27af165384e346bc97b1af344349095c,407f9744e699354e91c5a119945dbafc19ef2bdd5c50e3133af6c8169f8e5afa,2cbdafc543beb8f378db9f14670d2621ce0013bf2537787f98ec8e23b032cbcb,9f9f8933f9b4d1b82593241192d30255402341cd6bf52567a73b8424d47377f6,False,False
H006,natural,confirmed_event_007.json,1hmn09HqT3eFxnwJzN0GXpH8WUm6DkRoi,confirmed_event_007.json,True,635,bb557f122e3dfb7829dc789e7c80f18a3d1522d7cfd0f7c22139c8804254d4c4,c47059bf058eb5c0860eac9aed862bb86bec421c43fa5392200fff8423753fd4,db2a514a690001384661f231bfffa3879b472c9af71bad1d46fdc4e876c85e9a,988f474788e64bae0aa780251b2637ca2ed81cdde831b090a66a5d114625f109,7eaaa7fa373c2ecb48df5bf507be411fd7cc8234821956ff290cd4c03f3e3ed1,False,False
H007,natural,engine_card_003.json,1J35uhc-Q51s02pxC-y_idbE3l9yo8_ll,engine_card_003.json,True,5207,59b22c9b10a1d7b1a9408323ed7807805f396cdc2b5b8b69188b92daebca778a,f212907a644b66e1ebb587163f3f567f1f3e89f24d54755cc2d41259cfdc0a21,c8b65ae627dc9a45aa8ac44229a38ae52dd8f5b9529fea61f72d8ca842571b56,de1d430504ccb7883491d5794b0dd55e84f1cf5fcba910ee34841b8fec8c0052,28e55eae5d5390c027c9005220cac4176d99a094afc4d4c7b5ef45a6413649dc,False,False
H008,natural,engine_card_004.json,1N1CDUHoaETaWFNr1vOF8sBOhLHRorNnA,engine_card_004.json,True,5193,6cc9ec1b947598dab8b908f7c402efcf06a08593b8856df285be07b34a3ceb71,556ba59f53a06c7c255b07d6cae9a2dc16eab8bd0d2f583c38b05895b441b5f1,a6b5933dc4b868bfdec203bd9ab743374c9e0346c0bb47584211233b5319a7df,12afeb4e7239d198337d338799fe1efeb1562a4117f27492e33d2e5d69f46908,c1a7f42b8bd23e02c62bb887b9097660a3c49fa4865658baf891f29ade7a2728,False,False
H009,normal,engine_card_005.json,1Q5NmLuCFX_IdouQuoF3WMevc_d9xKBwD,engine_card_005.json,True,5195,81cca72b318c66e00b241a5eadb4cd9760876371297c078b19fd0967ae89508b,c77b26835a50243d61cd305b820d81dc10d2306bc08112a2833485f1231b61d8,764c4a2d7136e5fd522b5ec4e7f4b9c01c27f239789eca92d59f23d2799fea81,0c226f2d261987ae8993773e22022dc59ec8a0ad88a44911dcc00e0d3f7456fe,f6490c9bec1b5bc9724adfc3be5a9af28c490741a918639c1c3bfff79da53d46,False,False
H010,natural,confirmed_event_019.json,1sykHYyFpbs4iCkOQ4hfm4TsuIoqLhU4z,confirmed_event_019.json,True,538,93ca13c1f919a588c50fdf7aea2e9c8d53ed83c4a884def419cbe8376f928420,ab3668e6f26aebf8083418ab6526dcf3f7c77a6f6673c10431dc3aea1674d7a9,a042731b64c1369810dc0a242f0ddaa27fcdbd4742f31858747de69fd169828a,e208b3ff42be3d78d272b83c57c0f6682ac8b5ab5e7ab13e922bcaec72bb430b,0f83ab8ab465152dec879f75127b45597da83f5cab6043bf5fd063855e940def,False,False
H011,natural,engine_card_043.json,1hfpxHSAlUfbUtGVDdVDLu2Qg9o8_GO5m,engine_card_043.json,True,5201,575fc87598118144753c2f70c95c0af19c63e32a9044dde1985f142e87bab99a,4ec5976f4c9abf7c5c4c23d85eda525f0aa34553a098e16241a25bb7d2f80058,a9670a06bc485ea5086f8851f61bb0d085e8363a3f76099767c12d7745157cb4,c1605e9d0cf441bb7704b0568f1226b5418ff2b800fa52ca61809cdc820af744,e58bf518d147a92dbcc145b8c8fdb493df12cb3d3b023dbf163cf9b78c150c07,False,False
H012,normal,engine_card_027.json,1VBZgRwybmYpQhdDRsA_qQVC5eKt5yTvV,engine_card_027.json,True,5200,b6d7d058bdad79e089dbb2fd4d6ef1cf43db6fa0c69fb452e5368c1168ab7099,2caeff2b78a2f409add9588de5b3893248df241825723d188f663841861c1ccd,c71ff648afc45ea3f086551b02217451448a12abbd681affc82b1f06d396eaa7,cbeb8033c50295e4221963828fe6d35b0f48c9695688a838dcd9366d73f914fc,e955c6ffb51eee86e89a27ce2e91e413c35bf379d12ba1b59b8875005f457022,False,False
H013,normal,engine_card_047.json,1qe1a2KFp-IxkMfdGwF_t2jnWDu2KaIIq,engine_card_047.json,True,5199,b86e85c7ae14fde109747a68b48a7293f32934a70eb13262e231f6f0a2fb2a0c,cef35e3e22977bcbb1bb30881a2c701f4d93f0fa8c92c1a1956c73e5e5afeeaf,8dd3b3a5a580e094428909da52d34b26befdbf9b150d99654facbdfb47a59aa1,b5400020eb60f2d99eedde91a5f0e051c9be87bd92686ee7c09b90780166a4e3,0642a02210146f011f6c581ca718da19c9dcbcf2a7a4ccbf89bd376e70618cb0,False,False
H014,normal,engine_card_032.json,1Bgs40BcF29jrF4fd_Dd2Y0H4c7C_Xp2C,engine_card_032.json,True,5199,e8277d0302f889e7651351cad60f643a39657bfec0a30a839f7490124b2cbbb7,da2a455ffe18e8a1eb8a1b8fab9e747e5f2e4497ea83273ba9aa95a348dfe6ca,f0bc4b730878fe744caa2f77d126219f20f0a971c48f7a191464d55a9baca778,9b6a3f767c03b94e4234ad867983ba07b6962d952150b4541d1e643b7b48baf4,aa81cb1eca7b786060e3ecb8417b35d279097c7f29183f08b8ee072fb8827b5a,False,False
H015,natural,engine_card_012.json,1UBWSgS3NG9YJoNykz0Y91KvfWcy94FHl,engine_card_012.json,True,5201,e6a8e48fbc7af653ea4a61bbf9974050ba7c463f6114cfe0e9fe765e137d01cb,fde2a411fe9f397cdf5e1e5b556154ce44149c709394d7e9336c68c109101898,e1631d6abce5baf3efc0f2746c92a8c6f63da08f949dcac4891d31ab5f1fb118,ff006ce7f20ff0b40dcbbc3d53440df7ee9debc5d0a93128c4c8266635e84a8c,85b1e88994d3293f1e3fe1fa3d08779849838be28251b988d6729f107e91a1eb,False,False
H016,normal,confirmed_event_009.json,1n6Ot4sVgeq8xV38tkHdQElRS4iTHoKc7,confirmed_event_009.json,True,1044,2ed05f2b1c14d693ff8602e125b9d9d54340fba023e1bcc77cb9dbd4fc7f5977,427936c446ae8660aa94fa588a0eeee43c9e6ab2b0fcbd6275366dcde78d8f19,6c1571db2754ce2c71f5ded844178f5eae7e323c630b9f092ec00f8f64cdb987,65eac24a38f45f7392d2e3036a8ff250344ee535e556bbf09eba0f5a7920b7c9,3e870cdc124b5fe556011c88afaea8d5b6719ac26168818997bebaf6728f271f,False,False
H017,normal,engine_card_008.json,1DdR75E-vSN7ON5cXaYtFxcQFUwRjFhHT,engine_card_008.json,True,5195,b356523bc62f54152c430700d820486e9d5d2867763260ff8cdb62ed1c1ec70b,103c4311a46e453e0589265816910beaab5165b06bd924848e878d4634cbdf3f,0685c2bd158c5241d06fd3b7883d174c123d0ebabe70d1bfef3ff59a6e662aab,43b32788f7f584e383e77a2cf2466c58e57dc3b8ebca855f46a8a7fdfb5c362b,da6252f317c9ae660810a9d35d6954bed1632eb3b72edbd211e1a410f0fdccd4,False,False
H018,natural,engine_card_046.json,1DVUTiSMchD_Y-GfGOP6FHJsGl3BJfV29,engine_card_046.json,True,5166,a65fc3dabb7d6fbfc2f6da903a00dfea5ecacb2baa88a89cf3472be8cece07ea,c951228ded61dc14afa5a25c967ae887bd78e87fbf3ba7f5d218dbb89f2c3021,02aba59abae4f8ecf694728e5d322db53f8ca44832556e4f39eb993fbd082344,04c80f051c5904d94693aa198d34b0f5a92cb382acdce7839040c532b8c4a3cd,450abaefd1db7e77d0a19309a6ca638259744ec66d5f1fb1a20cb9eae5f5d167,False,False
H019,normal,engine_card_036.json,1KRPvd5RjKhPTcqj-B7CbYIps7EWYyzKx,engine_card_036.json,True,5203,e167682c93ba9b3a97b61f12c6df06f31bb454c3c7a6880ce41de2ebc7840f2a,725fa12019824434b5775d5456da890692e93e99c615541b7fd8d75ccd375fd1,400bbbda29beb57ff5b9497432f785dd400095532fbb261c8d6a8eadbb9dcb40,511a62c6a19438a82bf7c7403950463d7218d02e85cf314b6b414c6c6eab9772,8429e03c49bd95dd9e4c22c7fa4260fd025cdecb8d6baedc1274b728e5b3bd37,False,False
H020,normal,confirmed_event_003.json,1bm7-a48i2__toBSkPitUeqdceCP0tOBk,confirmed_event_003.json,True,721,7d94c77db95f50ce5580618c28cfce73692a49caca76ee3e5d41c6d33f089ff0,43a626f88b2c569912a5141821a1e929f59978012fc2670f5f90b09d814af76e,f6decccbcafab0d5b5562cafa1f41f758a6f4b4c4e4cfe61b252a2125e510868,088f24155e49ad9ce981e7bb7773b22860409e3350e27371598f326a67b29828,1a1f7cc3bac1fbdfe8a7f8b094f5816284290e94c0932fdc108a100930ab882a,False,False
H021,normal,engine_card_040.json,11piOSNcTHmxsiKDr3bBIf3ZpR5B1bl24,engine_card_040.json,True,5197,06d38bee53f794db0711d285d6978d97724128dd117e536eb6a684874bc4aa9d,78e486396da52bd2e7c8316bde01018636ab560fb001722e06a4f7236077c8f6,c6df704742b5b5c5008d51f0e1a1641f4dfc10be99af3896db18df0f1ee5af65,da61927d4dd50ea5eb9bfaa32327c94c09b866a61539eca9951daec06fb6da6b,1b7fd97d9bd07772646e55bce4a67a99900a321bcf54e933458b9d35023af7e2,False,False
H022,natural,engine_card_035.json,1re1N1wXiM1ZQlqDIIwvxWoX0a2SNPiNj,engine_card_035.json,True,5171,ed846530b385d20bbdf63ca96dd71af231a2f2bc59daf01a8a1151bb15435a59,293bc6c0d46f65cba92e598a5d666770813861b206c265275a970a069fb2a3b8,eca2d95801f28187e64a6565039967b24c3468615a7d7dd243537cb427928813,1f30dbd341cd0ffb29c525c9daf17a8308069490010f81b50cd8cfc99f174cc9,501a1f2b3a403aa8a5e89c812f56bc40d87333a60b92fdaf4feff65eabbf1b88,False,False
H023,normal,engine_card_064.json,1nvegd0DPBA8i-dg8w7eI9qW0PAfkjJPR,engine_card_064.json,True,5199,d57d80759fcd70830dcbd9376b7f068b4b2735e9bc428d6b1a8742d72285768a,e9bbc9f9039ff4c16830930c3e25635761c2a9a8270aa391306fe9675d899300,8413c3013e906d1771e50d532122706228100ecda266b170cc258a17bed9b7a9,fe82046c9d4b8f68291491534f1dec99524a88493fc3a0dd77c5db45781df051,b0aa1c6403c5ece5f06df9e0671bf44e01f1a14fa82c6207fba3d89890ba2c9e,False,False
H024,natural,engine_card_038.json,1uudxWR4uKG_w83-Or5xhqpfwjriZniIp,engine_card_038.json,True,5181,ff2ffcf18eb3b4a25c4f9f15de961ef0cae09fcd9ae22279b21179361112dcc1,1e2cf1462577f8ef3bfda22b87e6e98768d7fe6c04e663687d464028760df96c,de22f5aa8a70c50c977e48ac87cc50861d86ec0eb136b5b7efb1422dab38a035,2166bb1b1034bc52972e3665c5c13705ad4ae742b7a676a9de42f31ef34852dc,e31a3f7d7b50d13eef5d0c6d135b59b77e239fb17cde1172d86f48c9fd73fed9,False,False
H025,natural,engine_card_049.json,1MLfY-zeGylpzqQ8Aoqnf9aOwjd-FGyuU,engine_card_049.json,True,5200,aa2734eb6cbe619298590d1d1eca522bfdef9602cbafad89d15fc8a85db7fe7f,053f140e5e3689d9430b1dc47898cfee2e14551c59c78b84e0f18431b520b8b0,85d2d304ca6b68832290b48399fd48e4f5af562e918138b0738d246d599c749e,80ac8db61b91e0116e642f405e4af25e037c575c8aac8141d877980bae8bcd8a,0fd3c918639778af0296a1c3c6b374ccfdf4b1fc7d03881206d532a8b8b592a5,False,False
H026,normal,engine_card_012.json,14A79t8NWAuetfhoa0iVqiIRUuqvtM1Rd,engine_card_012.json,True,5205,636fed9127954f0e4061ac03fcf8560b1c5bf5a998288e170dcdcc5924953c15,5e610fc47b979185529955bd45a253313273b0e13e2a2bac8f80b723a738e59e,d8f7d027a7b753de1951281129f559d6222ee718c82771d87e6661dcc8a581fc,08a70cee2b723288dc15ba1a8582933b3c608f0a898cdc230c187d8e7bf2bc92,571058eaa2ffb0a216d9ceb3038ef6d0ebc6b1f0dae52fe734bf67834f280d47,False,False
H027,normal,engine_card_049.json,1Mur3h4g_qWq1F-jt2L9j3lfd0d6CIIl5,engine_card_049.json,True,5198,a0234824996000775b5bf10db2994ebd11677d81a4635699ee4d6f1f01651cfc,0ce9535780fa63328deb0a096c64164376219831bc93a66fe05c290ac2044522,9c50551b4bf07a2bd4166fab2d6ada39abfb8e32841ae1983a36f6e3e520bb0a,93d65339faeff48c949997453508493cd104dbe020776270c084b102c8806a99,e2abb0378f80c7e6f8441f240f355351f569845dc3ff18395a16ac44929b6e89,False,False
H028,normal,engine_card_016.json,1vT3bJcZq6NyLHcqfjn9_-1_qPX26fHmn,engine_card_016.json,True,5211,c9ed97ec016c007b953c0900019fc49fea972595ca354ecee63dc8543fe9cab1,9465af3c4640f9c466f1f5bc22cf720e1b4077f12e792037e27bdc4c09010f8f,e7ea8f4a0501d839fbe411e97fc4bb73ab55727066b08b896f0eff9deee84133,20999f205afef043dd7416ffb051d3e1a4fda7e1cd732d9b3de41daa9e6a9210,df847ad88ee5396de6c13afd504e62c44f7b6605e421ae861694a577beeb99b4,False,False
H029,normal,engine_card_014.json,1G3JDTE4PLdmUS2ZLchKNUl6gqeFdbFCg,engine_card_014.json,True,5205,7d4e1e790fcc63e630b11bcbf29abe2e0e8c24d7c047aa59e92f6dd7077a2238,cb412f78a0f657a11fd40f4020292d12c4012e29404c93a74e4cf1eb476a7b32,90ad8143775b75dc93b9cc18fee302c5b413a99beed5b7abc57f9dded6bccc9b,33bbffe98469c209357b7b8049f7081ec65a1f29904a68cbcc26d14c38b8dad5,6f36e40486e709fa7ae81b53ac12431c8c0250d99160a630cbb637afc02430a3,False,False
H030,normal,engine_card_026.json,1AGxvhNuItjnk31Slqfg9rUJCXsLI9cyF,engine_card_026.json,True,5190,0b70a05b8c86bbd3ff7c2f0eefe3a9a74cc66cfcbb14a16e3b80b65cd5c8606d,0b0293656967467e6fdc0763f70da9c358c50ee24750152091ba33ed70785888,6a58818051be564de3d07d37455956f14c4d4a4db0b73c3e45870278ccf23547,a8bd1c08b5044f41087c3442517e1c4b614f5f3cde7a8fea0ee62d2381fd4d83,50b432a709f01dab9c3e892cc9f4fe07a7c686af55396f51ea41e78d7ec07915,False,False
H031,natural,engine_card_014.json,1CMz4cPXI0K4e_zPfkg1ZcfLe2ZcNEWEB,engine_card_014.json,True,5199,5b37c3113788d4e55835b822f9bda2a8f54fb679dda0c9f41e6bcc27df18b852,3128e458d5ed4039e1a1288a4516961064f105327ed7ae8909a524e2cddabfa0,ef69af6caa6ea4ee1f42d4fe3b62c9b968181f96038f20b18eea7a094acb16c9,5137b1b5a3cdfa9f2782df86673d83ff0148bf2164c4825f8b9396d0298f9904,cca160433b97e2ab0a0d02b4870f926bb1a8d3a291e89e9bcce2f7f49c5bf065,False,False
H032,natural,engine_card_010.json,1ihumfJwBG7SuFgSjreR6xxFBBdsyIntA,engine_card_010.json,True,5202,880be3b5ac25ba7d11108a4d892cf7933008335b42274b8cc15bb4295e7a8a0b,f71baa6ebeba4eefb33974dd6f35f67a2dd49f8862278987eba0cb4ca6b4ae57,7dc106a74a7597cd887dd789984a82e56d9fa7abbe6066309613645dccc9d09a,6942b0f4920e66db173a05b85095127e7754117db205ce7ca2ca51b638555006,2be6b581810f23c76205d759f4440618271bfe140c4d3c397e9f405c8618ff73,False,False
H033,natural,engine_card_039.json,1wgqImXa36GeWQMdmcrCt3ZLJYJfFurMv,engine_card_039.json,True,5201,d2d4d08377daf00701ff4042fd40747d8e2a554006089e3877292bb4e2ad0ba8,8daea6a0a0604f2ea7aac34202ededd78286df9b7862bbc6bdd634149a882f2d,242db6172cff351fbbcb50b2ab28f9cc7953036cf26d6a84913200ce0594dc78,cfcb6632a247251665494526fe3c48a7cc28fa86b8ecb390560f0167274547c3,41ca9e209c516af8becc4e448ae54fb71ca4171bdf1df0c1b743bb0125b094a3,False,False
H034,normal,engine_card_043.json,1Lcm11fnroHu5JiR-FNM323x_8w3BIFzW,engine_card_043.json,True,5205,75eb55ad0a3c56238d3850fde6cacd35b9fdaf538efba57836a4314f82d8d429,3b83905de2164860a1117a6b50ea61d1de81e0f54ba39926a40a0236069a84f1,e19f96cadb7674917f379da55beb54a237529ad7329b4d111a200c539e0d7ced,1241504efb6df885d20edaec538577e47b3cd6d76e5b804274877a30defde1b5,80ceeeb8c9b52cac3a39758c9525fcd6b981c77703432af8ae6aa85431c0aea1,False,False
H035,natural,engine_card_042.json,1cPrisMjhBgEHI1Ta_QLfrTcsuOnyxkHo,engine_card_042.json,True,5173,1fd3ccf6a01f3a0cf2938e1bcb903f96a69746109aeef244f07780c1a9b5db35,723cec594ef3732b2227f200540e6c14ec1fbb59e10201b7314a0dd2a2081baf,51f428b00165126138834c7477d2b95bb6f8b1ec1183cedafa4bf4e0230f52f4,ad4e363cff427c960959235c5c1a0adb498dbb382ec660a0a242c947148d6c7d,9c8b565427c90870c9a02b6eedf4b3bd9c1e5abe5f415e11ec7cf771cedfd690,False,False
H036,natural,engine_card_051.json,1QRcBM7HBB-jqBIDoKeYMBDs8Fkhj4H2r,engine_card_051.json,True,5176,849ad7d06618e6e688ed55b8e2b8bcb9b67a6ea90e803d4ecfe898aa7df1ca1f,9dcab392b83a5ab48b23d6415105029d8feb28eed6e5efb31228bd1d367f1ac0,e425aa18630f38e31240690695b8fe25dc97cf99d762b7e787199da978865aca,540959d3d9df9837fd0841d23365cacd0f23aac0c979cfcdf26b70410f34e5dc,bb541a6004542091c182b8e3a89a97607d910bf38c415498f8bb36a3118e8ccc,False,False
H037,normal,confirmed_event_002.json,1h5pM7H6cFh6Mhl3Ulku5UCvy0i7cYmhi,confirmed_event_002.json,True,599,14b16ab44450f340a3a2492e3a4847492280bf5c271b399481732affd260fe53,118d007ff2ba1db4b5454434c4ad1f99ae555a0b3c1348a5af40a441b2ed155d,cf7096ceef7c527b0bab227fa285349059b1651c0ccadba0655450073c76b361,affef570cc59c627ac7e5a29e1a9baedf53bc2a46a2123657c37f1b13bd6da41,4962779120dd75bfcb51d545489f20b94513b3da1642b4fe3b339d0289e292ce,False,False
H038,natural,engine_card_018.json,1u2t1baM4XTnBZlvWpRxjD3MB-4eVRstp,engine_card_018.json,True,5192,dc3861f278c6768fab5e10f0b4160bce687c71c998535d76e703d55b1392f6c4,efc59a7bbbd750675544e46a180b6ba4b77537a1950c47587d0f52745929c40d,c4a4b9af77ba992ab7aaaeed32caa4eb08176a8e66d2ce8733de13d1cbc61151,3102bf2b809d2da328a8ff796e684e093be8b1eb9dc335876a69b3b669948fbb,91204defaed8c1416768e044db393eb8d1057694cfa504986934e6744b2d84de,False,False
H039,normal,engine_card_001.json,17dhAafs9B8S95opSweSnySUKge1RZnK8,engine_card_001.json,True,5201,6567fa13f6d819095a4a7ae2de1925a9a24b5e6099b0ee7263b5b92de6d572a6,90406098c16ffe17c2e4b03fcf82b3c4d01645e0457dec4ad63d9bdeb30609d7,5b69a1878f97747e582007d0f6abca4309261a63d9ac931bcbe15e773fc4f804,d7c0c8bf3301be39fc393f741560405f65d8f76ad6b8b74fe3d536b8dd077ebf,f41a58cf4943529a6475541fb08f7c44c5424dfa8fddd530a8449144db969bda,False,False
H040,normal,confirmed_event_008.json,1OMId50-iNu2ESqBj8yKJ8yR-qrB1YR2h,confirmed_event_008.json,True,557,32379df9eff38b197cadda015e582d5c0278ee06eafc00e404649e0a9444c0cd,776abf0119603873bad20e46c8f78322500846988a45fafe81073ca65b18a7e1,cd144637adb248257efc547c4e5039c91a179f17761133412859968b2871f1af,740b0d51a3eea98398177d6839043e87b31b8640f1db762f018faed65819bdf4,43260798d461407a9c96fdf2f2d4bb1a55712a3aebe4fa9ee46dc6956cba9bab,False,False
H041,natural,confirmed_event_009.json,1pIInS4AJDYOOL_4wtCBYlcwGYffTK4sQ,confirmed_event_009.json,True,719,2cfebdae5c673fe42baec2025c1392762868f1dadea11a466228d5797ad5d186,f7bfd0fad41c1096cbdc6818e6fdb231eae7715af0fbde3cb046267476a91212,382539585cc25f80df051dbc0a85ff44b94c8f512da9f57cb5d38c8b6f2d274b,d7eb04887edbd7926f99e121ddf5bd7360246153f4590e451f85972d407a5b5f,f527c7c8680edbeae12a2db9281e200b25f05cd6980d6764c59b35b68cedbe04,False,False
H042,normal,engine_card_056.json,1BTfu5r36l59SJvyiiPh97mnN2In4DNcR,engine_card_056.json,True,5199,14e0958aece1a1c29436668ef869cacd1615e07f468181f0baf833bb70856e80,91c9d15fed4a8783f38cdb45f1ca07f42f8bab21ca62cd50360a9e0a6d6f2157,00f9350ae1e5c37bd5171d884dbcc33c3bff2182026355ff0a1534f84a439381,7d480ca2144bf2fe5edc93a7a4e2e05410f17d79d13650e7da00c1fb0bb344e0,ac95d0638bcae3a7913b523fd0af5853faa72517b6df0e2fee25c3d1cb60a4fd,False,False
H043,natural,engine_card_022.json,1WZVWTuuqXUOlWObwDuA1MnRyO48Hwx1l,engine_card_022.json,True,5202,9109ea11ac8682b8a79f6a8e6bc4cb9083d876fa64fd66cf171a0d9459c42e7e,31ed69f0f7a4035ede3a9d2783f4b1d841853017b80231fe1d889d2ed8d147fb,50f3c4e3390ecd703baa4ca8b38b7d7db3f8f898cd1154033d46e96c8772f877,c2b95c76a09f96591b4c659ba42cd1d94ff81ffdef5443d6950ea11a94426ff3,e008b0f4e93d305fb07aee4b149abeb54809e6fb500aaee3f1c4ce69636e8b23,False,False
H044,normal,engine_card_052.json,1fvs0dls_dtyDz9PKqbKaXhAXOsstPOZy,engine_card_052.json,True,5197,cbe3ed8f15150616d460ff25f709f31de95598b6159d677b92e868c010cabbd3,3855730ca5a0c0d05538675ace8b936d027c19b8473f3746f4c65bda561fc70b,e9f57d75aca76fa42b971ac2851d84c67a0d90feb314543cec51eb107fa33d52,182efac674f325f05c5d6bd15e9ebaf79ccd5bfe680d3e756efefad73be997d3,55e47efd8b034519bbdd4810ae3dfab53e87466929f7fff2d60c8dead1e15311,False,False
H045,normal,engine_card_029.json,1Iv-9hVY_mH7xKDQyr0WPEUiFcgxdavix,engine_card_029.json,True,5202,07578cca0a72fd99af709f60edd26e7b6a30aea3ae66485cc201f98f5d65d493,9fb41831ad89c42c8f6f125408f149d38b3cb8d2efafba8291da1236d96236e3,0d76ec92323b045db4dfb3300a6327a8191d418508a749acf90412fb5dfd74af,b6ecaf0373efeb74441e5ab33ef8731e0598efbf8f7df94e15a9ccd07da00afa,2c87961d43a26620778ca8ed9614143bbeb0406b25a40a1df80c65e725db7c9c,False,False
H046,normal,engine_card_051.json,1E_kBHG8OwmSigszP7PgL8iKTSxGxisUo,engine_card_051.json,True,5201,4b9ec47fd043218b483cda3a7db4969e0fbb00abcf590fabb7fb22073d409d9d,2a556e800311982b923b5b07e83c516c322092e0906b57571561e613ce1235e5,c7e7d2eed7ac89cd1f45f5ce5f1fdad78b70754defd7a93f575e704fb831a106,fe99c225b2084724689b46c74bacb55ead55b5a838902f0f023a52060ac5f25e,924469454dcd3d7785a4a2085ef19e68cc53ee8919fc8a22da43d4490b8dd85d,False,False
H047,natural,engine_card_037.json,1SHvN5sK8P6xnoggh1oWtzZuXIGQOUW_Y,engine_card_037.json,True,5195,9c3ea970095b0184a2722851625684627f9660b858bb6c6d288ad5ffcb8046a3,2d6a7add23191efce8b4a671d4b48500a1158a8a9c9becebdf052a4d59ebea20,d7fef9f30b67bc1ef025605f70b82b401240f1097da5da9d2997706a1192a76c,96cf3e8e8f48fa083e25e118cb3844ffbfe83583137a89aac7304a3ebdc56a56,b66118decdaea093aaf718220ccfe89340f4c86a51ab2e6e1d14677a1a2d8c15,False,False
H048,natural,engine_card_053.json,1LRUhooK9vi_KfGcyxwDuTLUwbxme9txs,engine_card_053.json,True,5169,2cb109088538e1f3631cd3d3fab9d49a560d38630ff36b35080f248f23a281c0,0bbdb0cf20e5f62642d2e6a258a589e48dc4a8624771c54acd8d2972c4bd6c7f,5647ec3a1ab20b9ae044c7b7723ca632a52667e4a913cbc64ae4b84b885dd094,bdcf0dbce96ab98ec0f1c3439a2cad8213e624ccaaf9eea45733abcdcb00c544,f41923d71f8799f18a62194aa49bf9431443cbf04cb7eba516e12455adedd492,False,False
H049,natural,engine_card_011.json,1gkcDxvSVu_lWWYIs9-Od3i0auU-NSYg4,engine_card_011.json,True,5199,5f96d3b0648e108c85af9b5f6841f60c29f746ce0a48df5245ab59eeb34efa8a,a5a30d5aee6c52fb86bd2289dcc535b9f9dde9149bd97a0c9bfd6b697b0b4209,49e129229b45535c711a3745538db56f06fb435034680b5405b8c6bf214baf72,a305f009b80248a07a5726302fc7375a3184980da5c3ee83b5e7d9179d145653,b5a0e14a7e7fa73ba01b5426b12d3974ea586eb7c29494e1eddf72316c9eab4f,False,False
H050,normal,engine_card_044.json,174scWTglTImUQnshh_EuV_ZCLeQRPmeH,engine_card_044.json,True,5206,de3b72a07c68927ed354442c207a4af6d24c849cd86f27fc48f95453a9da7519,5311dc4e3f929bfc66c41a7859929715af710685563a59e7b0bd9dc404a38f5e,5d0be7a218632fb4c85f8ce84afdff8f7bb94969e6eb2a668761d6b7498808e8,81a21fb18ffda3d7d77386817284f0f7ff4ab6a18c5516942c908e8d260c65cc,0c18a15018ab6fe7d04556db1f937931266e90bf1067443d697998b121c7b003,False,False
H051,normal,confirmed_event_006.json,1y5-eegkthz0ypYI36UL6M0F5eDKNmeOZ,confirmed_event_006.json,True,551,e31f71231fe781a832574af2786a83ebc4e47298d6a5fe10664c4dc2a18c3160,49b6a86b42ecc9e76e5930fd7fa5c516c70840cb3b403dd14cf7788aca0ed1a3,d4632aa881ba0a5a5ca61c8dd3349e815b77bcd9353e893998f53f87459f116a,919671bf23a0e4474b78368f019bc2c8fcc099befe2de698c6bf41dd66d27156,a05b34b6f31018d2f9bc7b527bc7e0c7d6c1d42fe9ff508dda00fb9d548f2b14,False,False
H052,normal,engine_card_023.json,1PHzQSbQR5ONUwYRadqDdXVU5VFn-kdiN,engine_card_023.json,True,5200,67734cb95ab098072691ad7f5c150f1127ce261c82521c6eeb17afdd455e959f,dc72675cb92954a5a64f09d379f67229c467398a6b85109858ee4baecf1da420,b6bf6ef97e2814ad44d74269a1b9b7d0c9ba67f9e27f3311e4aaa0aeeb23eb63,338b0ff615a77152d905e3c7ee79a899099666600ef9912467af28bf46b821ba,2b6d79388ba3086cfb9bd76487648611301133549b98844e0ac52c95880cea92,False,False
H053,natural,confirmed_event_014.json,1kmXOXkNx4J6sW5BrhMly5WwJqLr0VqNk,confirmed_event_014.json,True,557,d708a4317a9f2a40bbe49b2d5f9b5127e84e46bce6fb2fc0cf7f46564280f0e8,5d524b796acefd686074c8a29b94ed829095feb48c4ae69b4ee2426a6bc730a8,1bbf33e5f23bc707c3bea27d725d72e0c66f9374b9b92d92f95ac8ff2191c938,d206ef1ba811d58e990b0a745c5922acd3324b626a6f97c4464466330076a92d,31e131eb8e27c6427ecba54c5e035ecf7d6188d3a06a327ad118c466c98632cd,False,False
H054,natural,engine_card_034.json,1_JllWXt4fEn-CeMQBRCmkvyMvJRbDDQ3,engine_card_034.json,True,5202,b128d5b018d35ad97a43b9848f6236d36a82c0dcb52ede4e9f2348b8d1ba157a,ed7ab1076a6c760b8146ecb4cc119c5075eb9c1f2a98c61b64799df5e226b9d8,2bf5bbb84c8a4834496e7f2575567ca6cde72829dca9d3f3f3acbee5aacce627,3ce4a357a8fb7095783612684ff4e0eba565bb2a19754a18a74e1404a5f9eb4e,7f606077d075392065fe12751cf867fe344b5613ed4acb388ff7b6f1ac50ea5e,False,False
H055,natural,engine_card_024.json,1z-rlw6f95zQxYuOIYsMq0Big34N8iZpF,engine_card_024.json,True,5204,67f858f970599e6d688a1bb7a36f08131b2593e6e1cc652f4aa78df73de16125,a7d294418643611ec7e791154931430c935a5900a2b8bc45b70233595454c32a,64b7a256af1ac86b03375ba97e051d1d5ff8b9e028788ceb33d190e46aa82e56,ed598e29e2ef409539b67825648cecd006cb22a104687a69991f74778586329f,f1ac1ee724893d0cac2f79b82d4b6895de9fa8318429bb500f7fc9e1a908ec26,False,False
H056,natural,confirmed_event_018.json,1xZ15MvQGfO9ibHtPxtHjaZ4zGOpalBlU,confirmed_event_018.json,True,604,52d1eac9d50a0d54ceb585435976dd84bc9798e20cf9f4ac35f866031cda0a12,c166a48123f9fd00caccc7e4914a37b605d60c0b8e671cd0081e210199a9da08,29f7bf470424e340699f28fef0d6fb0d8bfb9fa2c90c73f1ec55a9de8ddd867d,73190830414f15fe44a1b3d21ebb58d0d0bcd8a0185c9932e45d1e93782bed09,9221bc8ed1534e94d2f190bdcfd3719edd82d6ed1fb6c67532de0430248b5dda,False,False
H057,normal,confirmed_event_010.json,1haAkyGiEW2dTpIFTcodFvT5VQtbmqBpK,confirmed_event_010.json,True,604,d0de3b2a434c2bd454a28ae23ccc35c5ace174750e09e0dffdd25b798031c4a4,51fddba36963fdae63ceb8bd4cb532623568d6f39d67bbd867478d407a8b3e29,77870978bca69fbfd7d5b707ea12897a3ab4570bbf6e485b5bf7d429bda5caae,90813586e0ac793420cb97768448c4cf3e7649240a999cf3778280747260f62c,901f98c3830a8599663ee9783c62ecd47fa0366cd956047612379d7b0e2c2d09,False,False
H058,natural,engine_card_048.json,1YDh9jGIIJ64LS3qcB378MrXLCdvCf8m2,engine_card_048.json,True,5201,7e0683d57d7612bae1c87d575d87c8a9f6ebd12f8a62ea25845d9e8ba21f209b,91e861d835ac03bc7515927dd8b1a6fe6fc7e6a4407341edd9a67f16fed2c982,cefab69b58b84d0ea468a46572fa7cdfbcdf253098566a0591f1cb5be4b4c1ae,5f404587bc1d0c35a8f956e2b0912b9307d2e4daac7c6ff8668998bff0b7ffde,12747364b31f2ccade7f9f73ca2392fffe6a09b84cec65c37953f91fb6b1b316,False,False
H059,normal,engine_card_042.json,1QJA5zbiXd9HBtWrsOEXQlxB-79QzaeWl,engine_card_042.json,True,5198,9601935298f2f5daa32b1d23110ffc252535effaafa7a12dc910868534b10c77,77aeb99cc5a0b93944c75c191cad6dc7ef78b4e8447f2c6f8c9113085611e7bf,c30e64e3aec79614da24785e35d34eeadc3ba3ae9f74035d63181f9ae5671376,14f30fbc3e53a31d8b120ba5fe69cfa4ecc22961b13abac51a69f61464b98acb,64bccf00997964088648baf0441c3870912434726fbfd6886e45f59a323f5a5e,False,False
H060,normal,engine_card_024.json,1kRQXbWbXfhFDz6G54uBgZDMZEMHdHNk3,engine_card_024.json,True,5197,77d40185a41d23bf3f1d92229f4145e40b58cb328713b801cc029b3eed9c650a,553bb79e28bcf0d76e799450708e3ab7f48441e8c4b48dc3323452ff1d6700f1,9278104ea4bea3cd3c2919a5706475b18311bdd473755b31692e9fb95f43383c,66e518e25e13fa3a5ec939f16ccf77c9336bfa809e0449ce857cae86afa03a0e,a9c9af43ede4dc234ab752482b363d517e3f93a218a56a0247500cdcaaf364dc,False,False
H061,normal,engine_card_055.json,1zSsoW7ePoS3PU25HgHu5VAjA4mWlXvA5,engine_card_055.json,True,5199,977428cabebaa648606d5c32b499ed0da687edf0a2063ac1df5bd795e56d8706,bf73a8bfdbf547a0b8ac3994c0e99e37575197abaf6896d1da14860805e10426,3faffa7eca716d24da1cb715d48c3b73e06329b457e36a0505e09b200ba45eeb,5e3cfcd4ff015865d39a3f5c48c009c43b91ffbd3bf592d5c0e70e5d6bef4227,96377ea06e7a4aba65ac3a0e12e2278b8284723e5cbb1d5af282b12a1c49edda,False,False
H062,normal,engine_card_007.json,17UP4_fcht8K2vRUwJin5uxS9jxK9UCBy,engine_card_007.json,True,5213,dac98e194c66bf764541b43d96742081424d85d6916cf1ad7806cf2e83e074dc,446cc24b1c0e6c3d45fd78955f5a9393e0ff1c782ed47bc6079b1ab20f13bda6,5a25ecc73b67ce58f22e77a0534c9f3cb5af6ebe51ffb507230eed205bbedfe3,eb41b677b837ac9ca557a83b54fa19a3de115b796a7aa10f48698470bf1e647e,475a025c8dba7a15ea2231a82d760058796053f3ccb34851d320d8210866dfd5,False,False
H063,natural,confirmed_event_008.json,1HA5Cc4p9H7haZsuMKP6rM1KgvjUv0_LD,confirmed_event_008.json,True,530,f45f690230e1149731d2fe0ea7cea97b1ed00b0fed2459675926c0a8abdc44c4,1a9360258f8da823db68398887947175b2b2685d954a53f1fdf5512b81faeea8,259675530bb14aa761cad8188add60ac6498f4a9d8a79c1d15530125f11319f9,5cc02893e2f242af8d272650e59997eca45e6530e5b6d84e974f292efa8b3499,c76e8e650faa15dd58c9657f195d0744bcd5f1508b19ba908691fdd92a52b01f,False,False
H064,normal,engine_card_013.json,1T74gmuON5bQGYLQUqMHS4FtPjKjQI5cz,engine_card_013.json,True,5201,3ac86394f597e370989b826cc5f4297034cdd822811d7018468173804a04ba08,e9834afa15c6154ba10cfd437387bee0f1f38e2efccede0b7b40a6adad9d379b,023b775fdc35fbd77bbc08ae1934cdfefccc8abf89fe9b122dc03ddc1b2cea04,6a900c897148ca11ed4a148d742d5ee15ce8dd111d69fe17da299a13e0bc0522,386c4ef240562c9187d911a195254e063f47b0d35c5f300d749a7cb3ccb5ef1a,False,False
H065,normal,engine_card_063.json,1uiSGivdQdpGshKJpGM8Ii_7bqqcQ_bg7,engine_card_063.json,True,5196,d3ea67918a00745b2d114e3385730d0b1b9592b323f8bf5da829181a49f610fa,f5cc8beb2609f54028bcd4419ce25cee68151e33da594226bf357198cdc9a7bb,a1e8db88d49259645b550594dd65da6c05b46438e8eb1c0f71c05be81f864a7e,912cb84f03fea2e29d194b5fa3734268b9efa408fca32e7874e4c9cf17d8d60a,6ecff3163ee808d8611cff27adc570b9ba2ae69977352d7176cbc0fa70b91785,False,False
H066,normal,engine_card_006.json,1lbKLcRoPh3rCfkAryGP6M8CUtWGmwTL_,engine_card_006.json,True,5200,cf183c9a1894f2e15af5f285ed3961d1b91562eda46c8c620b3e185c872ddfcd,292567ec8703c325d396714cba738db1661570bce2d94787fce4e02c60c6b05f,0c72cd47447925085123095d4c7c9e3b6b83d488b08b7e6b86afc3ed3faf2804,769467f11c9a933de090ebfc570e0a63de4d050e09b8f5192cc73e8278d3bb04,58d5c34ce65a9398702c72a291ff906a970111373035b74c2e65e70789969df7,False,False
H067,normal,engine_card_034.json,10VzqJjgYmA1YKJEtcjlrvg2omhgk8U4n,engine_card_034.json,True,5199,c9d41f0b576ba63280123f06c4eacc06944cb5ab5836e292c8f5c534f242f866,0cea5b7fb90d401ce9063fb32f8892da02a7c05e248f0a2f66f63a7dbe5d460e,1b6abcdcf955da731731d6a42b10822ba6d11d91d3e6df3ce4408283755919c7,1ea7f20742720704aedb661826a193f8e1073fdb47d29ea923d4b068bbcf5c4f,62c0feb3cf6e54b9b69befc761e79768d9e01c4fa84b12fca9ac8b21362d294e,False,False
H068,natural,engine_card_020.json,1CGbc50ZZO7G1ghqFXbdWyBYqxr2f9kl0,engine_card_020.json,True,5199,418bc80e5af963d40b9a73e2411ef0266e594ff21712976059ab52b914f21b27,f8b5a42517139aad23d193e8729d58d34da3d879ed6a6640cdb5dc6e92a8bdba,a7be7ba8efcd27f879c83463192236dba78bf5c45b498f63d15bfd19c59db1c9,f28e099a40594e4cfc61e1d19207480503bc8a47dcfc5c646294bf33b756cb6c,79e8af01a55f20a1bd62ebad4369134a56230279751b015df14aa45b9a7403bf,False,False
H069,normal,engine_card_057.json,1_TAXi1Dcqj5v3Z_0VJXCiXfwHmIIx-7P,engine_card_057.json,True,5186,f1ef84117238176c3d4e7d3896c78a36ca0d0dade8d321a270f3a5088dcaebae,c3a23c489f47d933dbf0e7c3a9490f5859cb5b4bc0228d6586d6169e0030ce28,953549aa6529b5e10c84ca77dc97941fd5d2b29ed8befaa9c94b99df5814da67,6f9c084a30b4a953d6f7c2fa5f2fc960a3ebe3113b4f8f877304e7a19d5289d4,487f311a7e1903a62da803c3414454f26664f81df3851f57bfc891559f1be82c,False,False
H070,natural,confirmed_event_001.json,1BgT2gp4Xgx8RK-Ni21WgCbhOC-KhpTr_,confirmed_event_001.json,True,528,2cf639f917fc8b4b72720ca5f8d66065c4bd7d9a24268fa44a97c1f7a7929ddb,84fe2466c1567a054e2169cbdcb2603dc693a618ebb723525079e33eafef038d,4492e9331e69490be8d594ade06a57076c359b27397c2d10d86b14ff6ab1c982,4be05015abb2b2e0392b3520d3b43755bdebb207a455aed9202569caa9234100,68c165b0040f04b0517e5794f07a56a300d8019d6fb4ceef9e70694e1ce56d8c,False,False
H071,normal,confirmed_event_011.json,1lv_kQzSnpNRwKU32p0R3FTsY-3wsIuvL,confirmed_event_011.json,True,560,b233098536b715ee47254af24f4a56244771db3a1a86bcc6a34c9594c4b60f66,66c296a09d314cae516f50e5e8e7c147537ee8be37f72cd8bbd99b55f8ebbc09,b7c446c22ff6ac308b0f5ef6b47fd6d1aa5eed501a6b66d8f5d982771e6a4c7b,c673e88d487538e702008f20ecef8897147640c15091b3509676443854c04e69,48e6d3e05cd4610d324ee7186968d4bcf52498a6448a2b50ccba171d6c514f54,False,False
H072,natural,confirmed_event_016.json,1xTPVxxMNB7GcBfAYgrd8XoWSlJLktMNQ,confirmed_event_016.json,True,540,a784a91ff0ffa5d2ab37ddba89571b9c1d5bd3a0669882870d1ac1b0dfd0d93d,9422780b9f4f4c380f75f5899165c2de39fa53acda1322f2c7c716352767602c,ec9a176a7c9d5567588c0b0d20ae8b21173162d12308eb08e92f7858c3aba270,4971862c4eb44f43112cdb7ab325af55a52d01869d3603e57b069a5ce7a9b78a,42bc4bab51244504ca7ce55642f9bc153196f6035f28e587d0b3fe84063dc440,False,False
H073,natural,engine_card_029.json,1PubH8BZVXzVGhwx8TUXN8XrRQuSszVF-,engine_card_029.json,True,5198,2cfc8d247668d6145b0fd28062101e3d010310f06f9d24d9b4dade7b7d8a4c13,c56c45b90df3a11635dc2ad95cecc634d48f1bf0e0f7517a6911bf5ffd8ce16f,150038c9ce518a7e597fa1e84035e886394fc8b5bf571f294599d3875d6315f7,2d84d48d40b3bc1c31f4ebe8ad68f8ecbb6ab6a59b22795840a287a1905f064a,fad220295307d25faa78f6cdfd5ec15e0d2aebc815b1a97bf215246b1e1efb65,False,False
H074,natural,confirmed_event_003.json,1mv62iqaA9eGQGlDP2qywUDA4TS9Dr2pv,confirmed_event_003.json,True,471,1b8271e25831493db8e1b6d5d234cc5374aa1a4cde0a034d1982d12401422a41,7e21191e25d9588c49ecfea6fa02ce490bcf11bcb076e9e2eb0eabe8bc0b7df7,98adcba44e680383b36b329642592cc98739e491e7935bba2a309cb79ef4433d,2cad9357604c048d1c3f34f9afd8f14bf2b011b13debc00b15938da7b0eb1e71,1428b62cf1bda1d4f5afeaeedc625fbb159dfc165111f298c3f20a38eb85c0e9,False,False
H075,normal,engine_card_010.json,1vvgih2kyarm-mT0oKFvJe85lx49cjbHJ,engine_card_010.json,True,5195,00d7bb9a43a04cb4853b5ba369223ae89aac3d662cc5ec52e96dc742b13c4480,3521c473d6a9dbf21819ffe5547269b935ababa7d51b0412343f391eee6d981b,bea7723f86c032320b206e6a5d99d4e1715f762c9a279dd7afb6830086a9a94c,27557e0cc925657e598335e4bdf368e66d93eba01734c30052c18c3879f28dd1,cae6c9a8dcd00c8138efef0932c197a729d0cc5961a12675b748fff4f025a127,False,False
H076,normal,engine_card_048.json,1-NXxPggMAyJrEq0ibAlfFi0oggr-VfQp,engine_card_048.json,True,5197,0bd0d77fbdb1e083b4bc0d2fec82313de27ae39477ae03763bf8e0b3afcf294c,5f8447737392fa2503c522e93f4e88b344067f045242aabedb14309f7c67aff5,3deb8c25699bc208b0d7c8d85fa49dc005c5f67598771d063889791e620150e3,acb32ba4d9164fa944ed03ceb4ad25dac3b0d740b64c17ca96b5aab43c55934b,33ab103539d9b9bc0c0be6cfe5cbb42c98d993f5a54cee74eea8486b54ca76f0,False,False
H077,normal,engine_card_046.json,1SMwVfGoWznCUFILnpV_hoXdKqsHk98JO,engine_card_046.json,True,5202,4100f338547cabb044b3ca548d84779211e00aed939ba058c24d5b09b1c50b61,81f4fb73af318693e137314a42943d8af506bb23ae46af05fb368ba95e56723c,08faf7e2a0bec33f9b396b0d59213294270a4506696153775dc7fa647c6e71ac,83609b2b879f3b852660a526d18c858ca31beceaae645c3efc5267ab7bb08ff2,ef125f7733ad07435bdb3ee6ebbc2c88280b5003f74be6e9a8d075437c0924d0,False,False
H078,normal,engine_card_019.json,1OnJ6U2WHzP0odWf-l9Tpsx977SNrmJKg,engine_card_019.json,True,5203,62762d9e8f69588b1284636146cc6d102293b452fd1d9b6a9a0b0819ff271d78,33898be926a500fea41e2dae2cf5f4d0839e4a9bee972d4d15ad9329cb5eb32c,2aee78b5001ac0681b04126f971a0c29a20cc61e81f62f19ed37eef536609d68,621fc472888e3c98b0c170d60acb9f79b94db7032ce20d1dcb44bbebcaaed662,93e119e39032d8d658c71edd7a2e5e991f39141597047637925c11856c7f6b35,False,False
H079,normal,engine_card_031.json,1YcnDPcE39j57eezlFfD77eTUxO0HEoUP,engine_card_031.json,True,5203,7331407a3a7470a5b5c0584588e9ff8c7932146bc3529d418c392858eac21bb3,38c862af50e81ed229ca57ad3f7e9d6fe6fa9a4837e7b5201e45a46e5505a71f,3195383ad67afa543c80dbc4b1b85d459647a946ffc07fdf78313a33bb69ae9a,0b2b7902e694e48ea7be69d7ed792c0c2c51ae49f76325af8d64f35f55224bc6,cb704570f60b246b13ecfe980b39843b5bc7323f2f31ae24c8fa93a4033b46d0,False,False
H080,normal,engine_card_053.json,1usyEqzWTOYeNQLr8N9E7UG8bDcv3IHy6,engine_card_053.json,True,5200,1fb1c278857e680b872db1738996c0c427f837272ffe12cc8035d8b994dc5880,a287cb343c10f2268884990dfd793ce592f9fdcfad9bb36d05d3139027cd614e,f963219c9455538cecd0377f4b915cf9baed7d6025b89498f9941415f86a590c,de4ffe04aaa7bddf451e5237fc982fd401e2447520dc27edf072203454a39bbf,8cc9440bb44f546086b658b6e4a760270f0d5bfed997f0ea6e145d1a298ea91a,False,False
H081,normal,engine_card_028.json,1QKsNY4KVnlH7hNMkzsBaptdNFRmyCg22,engine_card_028.json,True,5199,e67878031f60817f4ec3b1d9cba9975357d96059b2e4e8d8f699a00b758095da,e11e64f52a7616da2ea58b9ae3bc5ffd9a302b9f352077734c52669f9831ac54,a2b69a72db1f48566a3e9a0f075156ed6d2957e4af47c18226c1035e9616a6d8,33dec95f5c1735c237a61899a7d5ebdcc1901cee236a744f7758b873c046821c,a7318f89f40f93fb64077952357a4a1f59b6da4856d0943881e17cce3c7123f8,False,False
H082,natural,engine_card_025.json,1iOSfoxC6D3JjFy2jn-QAW2eXi5fYLA4c,engine_card_025.json,True,5202,01942083d2892c6af07a4fca2949a1eaff0cc1a4c3e3a5cd49b1b513c71ac237,ce258f501d13a6bcaab0bb67f7488599a31172413b30d97c72a1f9c10895b5e8,243cebb417c996c565c585eb2b6c4cb4ec0f82182e830844e2ecf54faaec6358,fbc2c10ae90df6cadb24e7768be672dc159a4badc10409c3797f14e7a15fb715,953b6049fb57cddbd99f88f457cab421c492106d39a47ac103e5ed3ca3ec128a,False,False
H083,normal,engine_card_015.json,1C0MojDOucEdtlmUxU2oMdP9OnPB1tBSh,engine_card_015.json,True,5205,4dd7b74e60d66300d923e197a2791e1177813555608f6725e9c6050ff05cf96b,c1fbf27b6fa347873144129bd8181c8f93005271f5b0e84aac2e3583c66c6d07,c7c991111922fd2c3c79b4e489602b8d5939092fe80271ea71db0bb149c1ab95,83ec02d90101528c6603c3e3ceeaae72be101b483bda78c4d6faee696d999e68,6d1e97a34b75c47a08a6e147f1126001cd7f7f241d3fb78900b868def00f430c,False,False
H084,normal,engine_card_038.json,1gAC8ilt93kJEM-BZuthiORONW7MnIRtA,engine_card_038.json,True,5198,2f424290d3895cdac5146c5275d83d0c62e27efece786ee31129759b2e980fd4,ed927e506284b3ab58d8e0e6750bf455c12768f3c9f0340473f4b428b6403f02,d12b38eecd99ede3c967e38f9a26e3bbd361b64fc156379e79ddc8cdcf1a317e,241eccd508cd301e47968d021fa8ecf9168a0dc6326394e3a0b29e3e98a1b277,9856307e276792ddb24ddd1ce12462655c81f11de1d030e744442e366fe9de78,False,False
H085,natural,engine_card_019.json,1d7U3n-Isus02ycCiyboxFIERwFg50zG4,engine_card_019.json,True,5203,5f2028af92154d5933d3f3aa87fc1b48f242e27ffcd1efdb28c082995a850194,2097518166736e9427e8b8109ea73e25981220fb263a0436da0ee5d3eb6a0113,efc35ce96c440c0739d21a831efdb0e51be971271c21b9772c6941ff2a4c7611,687086552c6f496b700f80dd41690fe742245bbd320aa1f96f0ccca29c9a8fd2,ac8985d17bf949f922eb8374c45ef3186746fd1b6a483b94cdf3162e44477873,False,False
H086,natural,engine_card_054.json,19cqixn-V-if8hf0UmyVfEDmfUCTko-O6,engine_card_054.json,True,5174,72699ec3294242e0f3a00cf0a3af3925a54b691f2bfe24afa83669bf35a389cc,be2cb332a359cfe21f13d1f9ba9ff03bf63aa7e2f97fb29b17e09ee825b85272,3b520fd172b97893d0e2de83dd02c48d932364fedd6d51bda797eea939ce91dd,8a04f50d995170103ac0086f8ffb2016efe1769d37f56f301d46bcbd4bedbd92,d57039aab97c2458d357e3a7f6bfdab51852cb6afc4f3907741d493966a60874,False,False
H087,normal,engine_card_059.json,1vaeugirHPZSOOGm3XQtCEmeNzm57YIky,engine_card_059.json,True,5198,420e99983d205ccddd4384d07e414618f8d7ca2aad16cba056cbcd7b3c8916a1,74f038492334102f6c6b75e0b15a45f7fe17ec4c43925b6f6c92c1f13f4ba3b4,766f0f8689deb553a6779ea56bafb1315a31a7158b7ffb36c948e9ec56aa4480,329ba1a7bd399cc7ccc03dcb34ca43016217b4c0f9518e7e0a20465651dd7492,0427abf7eb4f229d77443ef507c02cf37aab21678024c81734ce22d1c71cae9a,False,False
H088,normal,engine_card_060.json,1ma36jZNi-QWROM2rFo0jSyNB_m6zKHje,engine_card_060.json,True,5200,dc362054f63feac9b71382c56f9e1dc06c251a9a03a5d8c10a29b946341276c7,0e03478dd3161adea0127d0763a3e5e7e9af41b4adf7ef0013de07ebe880d66c,e1080fa58548efd5ed75b00ab315e4951678ba15f22f78c6efc37f187e772651,073962119b6609b82899f59adc77d4701cbfb77329246c17a7689083cee3f5c6,a28dce85fe6b145e4b6f406f2dcedefe54f30326f2095f6d19d5f50d4a6361d5,False,False
H089,natural,engine_card_002.json,1BJu2kYJDJLXrmAznvPUHS5SH294Kq-8_,engine_card_002.json,True,5226,c8a07a5e6572c276f171808e978e051f3dee6a23789a23db76f4e839d9fb127c,64438826d57f8a1068d54e6eeb70d32185816b3db93f31a1bb95cf049cd9f53d,5e127b02ba3b8bfc9d240b4c277307eef260cd6356682f50c4fda649bef413ce,fbddd30ed0243ec2198907bfff56b19e1cae64f75c94ad1f0bcc92c0df3b954f,d0adf98121af806ac68b3c849a9fffad8054ffe08d6d0ea4bd033797b1eccb28,False,False
H090,natural,confirmed_event_011.json,1LAK6k9DWy9WWAgTO3HK2EmR9ibSjBaEJ,confirmed_event_011.json,True,492,43053670692e501c54cdecc55a768319ff7c1ee511ad520669bc621832cb9a01,2f00ea9936b409a876a118d6d4cfeb0a67267dc1db33a7bd71e2a55d3777bff1,dd5b859a697fa09037bebee56779337ff019833f921f77a4591fd998450d695a,a9a893605549cd2366073600c50d729d36cd2711423fc5bf04f24ac3d6248dd8,a4f99aacdaa71e9c57490f6fc4273d4d4713707241d460976aeed2db7fcc38d5,False,False
H091,normal,engine_card_003.json,1NvsxhA_KhcmFmbmw1WS2wcdwCpJMgTv4,engine_card_003.json,True,5189,22933f274619f85bfa1eef5b62226f77e8ac035e2c38cbdf3c7a9b9e0a7f110c,eeb4ec6e3bb9d6c9424242606d852901487a4e0fec749e280eb212260d472288,739462442378e681e3d021244e909296e32a10837bcacd8e413d7ba642babd99,8fa60f5e3e5571c6c148c52f7ccd5520d5e13297c6574ebca8def8740fcadf97,af47917786b28e476e4a72e20aa3e9971e6562d2a36c89a1a4bd1b1416e7330a,False,False
H092,natural,engine_card_021.json,1LNKUrF87FhCdq4ivK5WbgZIxA_tmMVxJ,engine_card_021.json,True,5200,d41454427d9dcc437f97b6240ef890ff83f29b18a9d4e8c83c33a077681b999f,3941156b2a7f80a084e5509eafd9c837f844abdb1ad0eaedb81b50ef1826625f,10a9f2a80101931109380e5d1fabac3cb96ec76ca1603ca30d4f0afbd133f1a8,0e3585326245875cac8e9c63a5ea957baec2398f7e5b0fc29de26ed9702eca7b,0ae197a5d763b2fc00f06144cbad9bd8444abed519475a83bb0e6d8b7a59d30f,False,False
H093,normal,engine_card_022.json,1Sc3PfupPrG-XJ1LuVcQYn5i-XOPHUkkj,engine_card_022.json,True,5198,01641ef1175ea6f0f361842f327156cbb330fb599496dec50da7ae26900cdc17,5a26c279d6de078b1c21efaa4ff17f1ac7ba57b87a062e9328b01d7bfa4d8c81,ced146dedd372776e0504e7736159ef5ea09ff79be4abefaed1172c0c83ad43b,65221626de1b7c3402c7555064505da454a2c3746d93752cec32dff25fd65ecf,014701b9fac44f585de47925c2bb8169b5530ca005ec650bf5efae513fa7ed61,False,False
H094,normal,engine_card_021.json,1MXvMCqBWr2_UAiyEHcspkpZKa0v9gfLe,engine_card_021.json,True,5204,b8c99df5f5cd2506ce84176c4a9c4002b8498feec0f4bf996aae6cf37656b1e3,612bab0fcd8657d32434068afc1b2812583226f5106755533a98eb6c9bd5d102,9bc639f34952ac22f89a8efe19c3102ff2a06d82ccede14a187664180819abd8,8ed26786e128e9ab1a24d4e34353599678024064aeb9b7cacaafa2c2c6d80bc4,ba081b7788f7ada3247c6df448cf6c34d27c371c51ec52f8ab823fbf4441f6d1,False,False
H095,natural,confirmed_event_017.json,1xbKrqHeYWObmeNFB67Avc-GahwQDSpaf,confirmed_event_017.json,True,501,dfcc460374973ca4ba749f7e0b85b7cb855d378d4eecac2721910c3a43e1511b,dc868c2c236a004e4de76813da712ce0a427e9949376b0c37b1b83c7daf0aeae,75385c0bbbc0743917d1a68e1d36c01f6a738fccc60f3f2fba2d10962eea67e4,6604349659ce7e2dc4e73dcf488cd8d34744fe2a71313c772b9d1723348c6fc9,8e93bddad9769a5da1c45d1f5e1758dd23d501f1680765302e12ac458c78c55f,False,False
H096,natural,engine_card_047.json,1mS8Xz1ck5yGhQb4g5-DlYS1LOPox24kJ,engine_card_047.json,True,5201,5dae319dff052c2577130ad4fca4da3ebc6d70b31f7d6b610a8918c49fbe8ee5,47628cab16bf7acf4bb4aabdeface717261f6f9c7ab32e089076b8d754180632,99e424e353685f18a802a4e596838e3a315c5cf957de0ea5523bb8a6f5d56bbf,88d9c2b8aef38380ae308806ea8fbffa9fa7beb147f8ff1708a98ab16cf1c771,3fcb2ab8fad0dcad640c7008caba0ef1d2e329f4937bff8bd8ea4e3caa82dd5a,False,False
H097,normal,confirmed_event_004.json,1hnMlF5AO83Eb6wm6Kt-LwUkkXTGYofFH,confirmed_event_004.json,True,637,ee99148eb7d1bac2da16d0be31e4058467e2f8eb3baa4f908b60093bff4579b2,505e015e770fa4d2e01d9c127263e70f63541c862b5320a5effb29831a649278,028a42a4f284b05422e7e0d0262c9a74fb1bfd7d352d7ffd033fe1e88553b3b4,0d17252961ed0aed57b13af3b9b0cba4b922b4faf343e5214d48c715c88f3892,695efbaddcdf56d0b646d47530f60f082582d4c5474a1fc103a6a063d2c98ccc,False,False
H098,normal,confirmed_event_007.json,1ccqIc7uikz5_cfZB1GTEgngVl85oPWJQ,confirmed_event_007.json,True,536,f0e0cc051bc7be76229ae999d24a6736283e9d45fe4695dfd5a4894102ef9e70,25663b053736cf89df326b4da5f96af95acafe1f04791023937025fbff8e9624,fcbbbb9aaa0236336a4f3e5dc53bfbc745cbff00c5f0abb4654a1c6bfc273ba3,493393b26c14413fa44bd5cb9950d68aa49f84fcd78732e1eb3bc2949dcdf5d1,96a8b779dfa79f0777a219e87a126b68d840d43c5d41c9c3dd26caa0588355f4,False,False
H099,natural,engine_card_045.json,1cL1A7MbbYF-pDeXK5z_ncQIHJHuuSv4q,engine_card_045.json,True,5198,31915898f98986b3fc9f0e8ad30a612f4c5c61b20105ab75d61b72cb8ad2ab99,3d00a847b7ee67f51ceb4bff156483ecf9ea2a9e60fb22f065d860eb2d69eb9b,31243b9e399fb1b332dee0f7f68f71965e61e888298ce599d093efce3fb6573f,5d60fa7861a1a874df9cb0674199eda23ab30c8940869dfa3e7fd904a70e3076,315fdb54e740f3f9e01e659bd089f51c18124eaa076f511335706ecfa1963c0e,False,False
H100,normal,engine_card_030.json,13_k9V5kQgCsuRUVym1c1ZtpD_D7JDkGA,engine_card_030.json,True,5203,753bc2cd0cd91b2fb351f0b66a463db62b2077684cc09b50d066fecdb489243a,b3fb41025cd16950fda8af60b62a0a0504df4977909af4576f309f17ff7a2f82,f6de9d4b90d79fd70d6d62533f3c92ee21c9e29fcb8b359c07abe09bcf5d8dd4,aa16e9c95895ca9c41d28ae5908c706c02cbed4121b10eb871448673ec8cbb30,b8c013b8b50b35db5d9842a7dda7b7cc149003becfda2a9279c46fefddad7367,False,False
H101,natural,engine_card_030.json,1xfADK3tXIe4MiW2WwbpKvbqintAJq2XS,engine_card_030.json,True,5163,47150c30ea9bac49c26a5dc1ff4accc3253ecd7d7b557054e20321533a1f946e,39e11900a58e5cb6cb3b651d66b106185acdd13544ab9491a2f6a16a55f25417,b5dfa70360cd1f315a592064d20038e981641a2e656c8bd3cf0b0497339f8a94,9a180a49ae171de736a68f9682a972420425330df8ad6e67bbe359f151141391,c3d043f9bc77d9910a5f29a89b8996cc2c0c6d987ddb96bd48100a7e5faa277a,False,False
H102,natural,engine_card_023.json,1ucCGGeuuNk3hOC-u_OOCRP7IuUvPuKvv,engine_card_023.json,True,5191,e1843509905ed8d0e42b2caa8332cde6b68d1afa12f981894248338f55e9eb46,cfcf9cbc46ca23608873d4f6b673bebff47954d36da289d57d3e2f5f6860c294,aefa6ee47d4205e4e4686d01009b658db6756fe233c7de5c576a0e99494b119c,7d1bd57203ec4c92fbcdae0280ad47f52eb905d4b1509147d661f29e40128a77,fe40785c6f1efdc65f77ad626653bb5c54ab56e00f707f4f3696724a06c6fffa,False,False
H103,natural,engine_card_040.json,1pOhBLxoZ1Q86gn67np5QpDFAKDffuDQO,engine_card_040.json,True,5201,7a177cd52850c1b49ecb3020a72be87196324266cd03d1f23f9b77566da09766,09466edca6596633925fd7e404a7ca7c7bba4a59415a10b29c7160c8001581fa,29b1ac8afd20a325dda22dc4f48520a16f922a211d0a295f7bcc72c57a4383aa,96e20f4df49a79150272f4980a40c8f8303ec3156ebb4fdad68dbac4e3f0eff2,c67122f6472d3a6e000486531f0aedd3b47b61cf0542bc78445095c01a864ac0,False,False
H104,natural,engine_card_028.json,1EN10sri8czUJw8MQeGapWa0f4rh6oIwz,engine_card_028.json,True,5194,7eefcc030111a2b38448bd321582be582943a62349f629e3f177cf2867df6be0,2ebfea2f1f28bef6b9e4485e06f7af75ea62c2f081707fa7d34a00e8c68c166d,7c1177f9290caa0cca194f2c71cf1cb03f147807fd39b66c095a659ad656eb4d,9f27581b1f1d7c371dc5c9422cb8ef1ef8f58f06befe2c73b00ddd82266573a5,924f70441f4ad98f6afbc27f296633e1c15a851012d69eaf004ddeba50aa8774,False,False
H105,natural,engine_card_005.json,1wqPXPcTt_Gpp9RQ_ftia7QaOxENGqQmj,engine_card_005.json,True,5199,deb44cec2ba09d6110298009483859cfc4974fda7a41be6a2ab5ab1c6359c9c3,d0eed0459e55d6179db2fc225f886eb7daaac281e53df1920276dec2acc21673,a70de1da030b58f3d61e276127bdab100e996e69fa6e206dfec2e49491169028,e2155acd97220d833f78fef2b1da6803844e9afade2b0dc293afef9a0e4a3d22,47814729f9051cd30b83d0c46d7427ac23c480755b5a12740581b73a3473d1af,False,False
H106,natural,confirmed_event_005.json,1HPqyoNwoOjg9Yc65cltILmjg-5fcslu-,confirmed_event_005.json,True,492,a1352eb2c4ac36948d67b2244df272649b470ed809f49cc4bae022396e8b1eff,db55086c56bc811233c62fef274479f2efb18e3ea0ae6829ed660be16c16fd31,a929afd761c342b2868c836fdd26492175d27914422453da0a367cecdae66740,744f50728aa2b1242a15c35ad4abb662af03c091871260947cb1fa91efc31829,93f39e857301a5c3786de3f13a006d9302eb43e3aa101efedfc32affcba0eef8,False,False
H107,natural,confirmed_event_002.json,10AbD_zsrtwXr2owkAR5izySakczyarP-,confirmed_event_002.json,True,530,a4e69671811a79f46afa27db5a97e3f3587e78e1ce1690a44e4ad54897e44149,fa043aede28ddeedbc1f0b8084e8337abf4183c04db67b48d1653853014a288b,d3f31c26617ded8f71cdce460fa0a570a01f5f4e2930bc4bbc7b0b1cc5d946ca,41584b5301787d574d08a7bd598e36af881f9912bd6362e7b9a5f814e4642428,81b8015fde72efc47eb8243852c3a31022b6537aa205701bd9fd0e1173d9dfe8,False,False
H108,natural,engine_card_001.json,1GnjrNVlMPWfrY8ZCcwb1WurFxRHUY-aj,engine_card_001.json,True,5222,7b840dc37da204088fa1cc1e1adc780130a6ef9660bbb1b943d85e7140db7ee1,2a25e895750f18ae352e2dbe6444be139e0f3471346821cf594f4536a83c694c,afe14ad5e5af4f293a1bd7cccce7d3b975ce7c01012c7171158c00e30c78ba0d,7894bf433c4fa2642af92747ebf375f379753ce6d1aadca442ad752772806364,0ef28ca5fe0028e40e61b3b1e8fd23c70eccaf295859a8e2e5daba7d86a159b0,False,False
H109,natural,engine_card_016.json,1zN-4TuImHagREHuyDidt6MYBf6zdLY-k,engine_card_016.json,True,5204,94f5c52bf6075b1281779ee78d9c1666f999152eef541d3d02ddac8a29c16d99,db858d24f0f11463704541eb4ad536b149ff97c40cef62bd50774da996532a7f,743e4d97709acd7d041394a1c6e8aeafa791dce35d2de6d776e44859905d70e0,8ba0b53eec49386bebade4d722d1bc05c666b1be0f34b0978f0e7bc070f29d18,743bb5a0f0ce4264ab5a07055b0edd0e54889e6053309ab162e20ee0082c4272,False,False
H110,natural,engine_card_050.json,1gl4eaG6eXZAmDbW_bRjuVH8FW_urarUe,engine_card_050.json,True,5170,046aa2cc02b741bc7bc38e14dac22a6d8e2775999f01fd3efaa00bb7001ca1e2,b66539dbf9fcf5a4cb9d8a2201a54c842127e797c1248a79b87f3e5d4c5c3b66,8a18d01c2555bfea8f39520ce2ffafe77a6d3230f9603eaa7ac735ea1180cb03,285ab7131959cb0482b57c9556abcb4b7d3d01726d24d8851b04a52476ec89bd,4c5b858e2689b1a1f020dfc7563b3c5e110131fbbe08d3d0d3d0c3967405d819,False,False
H111,natural,engine_card_013.json,1gm7lVGbJmsgvBepMJlofsxi7fm1_iQ3j,engine_card_013.json,True,5215,51b8e0958b6ac88831b0753c78458e011591cb7770c458b6f9c7989dbb24976b,ae9fbb3e81428c75b476217c4f83c7b8a1844f54f9d7437f181e261de89d1b42,1f78c0994e6200fff0a8f49d9727765f10591ec4cc70de2d90cc1680d591d2ec,5fcaf12626c88c37ddd4f3229152310a9be3b7ecb1a68b0c0ee5fa873c265f00,38aab92e630b11b5231458268fdfe52058b33258780f2625dbd9b29b1e257f47,False,False
H112,natural,engine_card_041.json,1rgnp70oPSe_xaVSTl--AN018uWRnrfsT,engine_card_041.json,True,5196,648157772d6dcf31475f41426f6a4ba4603c8544b76230aa4a60ed1115c61aa5,9a02a7d872d9bb0d27c11013dd493e9ef9249d360351be3852429b6f757505fa,5631614e2ab62bd84489410a0d57a8abdf00c3a9cd81307af5db6e2762944bfe,f23818b28df5eae378ef3613217b0cda699aa5658bcef5be2d3de5e7b7daf463,effe09dcc13808c9f978a7aa321604a003bb7dccb5b6590b8dd52dcd5646e1c9,False,False
H113,natural,engine_card_036.json,1f39QrZrbtQqOAtui0izQ2GCFp_wfWT9x,engine_card_036.json,True,5171,c9b8bef5c1590ec118f3fad50b8c30f5ecb564871c762b5d4ea76e3424223882,51496b5ae1715c2c3b2820069e1a326b5bcf8ce034f34457cac29a5727122c1a,913cc028b9d23b3e877a573f561b3da8354b23fef3f403ed6d36e9edc5178050,0b6cc18142232def344f1df94fb736d05196d26d775ea38a1fb40436b4da920e,b32c929f38ec67e349b40f6334e19258a33037430b3258db367640a12f9455e9,False,False
H114,normal,confirmed_event_005.json,1ERygIY4TGrFJiTpnrt3muK-Qitt4-zI6,confirmed_event_005.json,True,1647,cea4340948759a815f5919d7cbf42796ab6b0b09d496fc4bb31792b492feaa14,58e0c91904a55fde073a0f7952f7585d98bec5c1e1370300e93db9c3a87e3624,dad4025e5b22e2aa9948e6e66e91490614ff1dfe58ce470a7fa4a4ad35350c21,330e60765861eb7bc4a22d5ad3b4a01c3958ff43d9385b42edebb4eb9016c5ab,1a47fab6325e00270d22250deb723688a0063d5c1d1593373367e3d4d11fc242,False,False
H115,normal,engine_card_002.json,1jJDGwW9t1-hSwKHcsb_iH_fQQn0P64Q2,engine_card_002.json,True,5202,b1cf8ed1025bc4d8466c2f31a12f6e9875891cf4a7cf68b90c71ce60c1080146,0219605d1ae2380bd0e7a404df57cdda575a5b58e07995c0e7dca9e3740066e7,d9fbdc44e3d40d1f971d16aa04054d52c70d4fc3ac0e88fe206bbad637b10388,fc86d1e3be4bb6f69df4f73ed09f3767baf48c0e8712472ba8839f3f782968fa,4097efdf1bfd5f7a3d62668d1f65698b799b9ce614c57d0aa26f833b7a6f8387,False,False
H116,natural,confirmed_event_006.json,1fM1slmBMrsGjzSPvbJv7DqWiLKfp3uyd,confirmed_event_006.json,True,618,4c3269b52898667b0768df573c6178808f40edf02d61c451d7773856330a0eb1,e214a68ffba5c960b5676d42007fbb7070640ff247f0d98098332e244bb52dec,f01de3d29c5e8d15993c87c0cb5d503d9cceea65f22e7cc1b8c0ca90a7fcb9bd,a57e810179f0ea7bb427f92707b1b53c5a75c105db2b44785dec4b1b64ff8c2f,69cdddf80790733a51fc081ed2aa625ed6b1ea990706a9977f6e128524f32dcb,False,False
H117,normal,engine_card_037.json,1YU-1fTAoOzAZ7MEb1uqBXdR_3bfetPRI,engine_card_037.json,True,5199,800f60cd80fa1d57e84a0191ca5bc7f2d5bc4cbe4e525466c3fb76933691e157,cb632521d65062e944399a5e2f258d16646487af0a5e69555e220c00c278a95d,48f4b8b7dabf600b1e084cb43d57c805f7b82d5451de4b04b8678b16b8ee3370,ffea522ef8e645059a8ffaef847af40a7507d0361ba4b034211d93040840cf00,10082d7399782017bc52d691c2de47bf29b6d16f071dbf029b7fd3bc550321a5,False,False
H118,normal,engine_card_035.json,1wCcqgbTrpK6vqE9U1ei0wkW4NCVcGvFw,engine_card_035.json,True,5198,0a21fb2b74a5ce35fead55234235ea42e86ed78dca3d57fdbd0423d2b9fdec9e,5b2473f887e42282bcf68d43976381aa676d657387d88b636436f48855e3f226,2b8190bcc490c8de220383b9c9aab7c5ae4437bfc6dac4042cfe8b33edc95f38,51e6c125e588cf776d7fe772d9bb3bdb6ab44cd6f92fb05255bea279ab7fd4bb,a6d5454b81a5322e243ab2de2b84a73367ec7832924a3bd35208b2d44755e49c,False,False
H119,natural,engine_card_052.json,109IvBJpxUEV_LIp4XYA8z8AKD27cT-L5,engine_card_052.json,True,5166,f87f0c52da51d43077005a0f4d8985b39aada08e5eeb797589838c63773b187a,723362d3f40ce4e94c64d46df01df28a6a5d1026e9a4526792cbe58ed6700835,a491dd5d0ea813bbbbe8d93728759757564f3533a4b73d9cda955e0f3156cb87,d6a9c7869839c5729f80961c85a02af88bbc9a996d1086a89aa37b1fed6dcb34,abb294945d897d7599e655c399ce4b090f8c93598f238aa89b835ac505ae16fd,False,False
H120,natural,confirmed_event_013.json,1hKb9XK6I8Tu8We8LsWR4VrFsWPrAWInv,confirmed_event_013.json,True,473,a157df998725b96876b52f70326864d2f090af5b5d856c03e489ef4337d3c23b,979915c047b6a25d62f52f05f3e37883ca1641f76d0a4f8026817b91867bab28,6a6648fcb788628c3cb67918bb2c81cea16f4472f3d68094271bee50c9ecdb13,c271f45143c0db40e16672f0f86aa9ff8a028984f7cdaecd6b4a3e9f1f257d75,4d17be56281f746a4f4fb9927ed0e5714dcc07fe5fc03588a59f0d791e7d0977,False,False
H121,natural,engine_card_015.json,1pKQa_o9AyNxeZWldGYkEeepxTCoyme1h,engine_card_015.json,True,5199,62ba5357c5200f33ca66545b211e655498ae841da47d456e8f01bd448351d6e2,3131624875047cda2a1c7c176959f967a65edfc82c1006411ebe8c04b25f9ba1,af0d1ec0d7a24845cf011cd98597db9664c801787a10c0b6da3e902c252b4235,65423acb327cd7f88f726f1eba431b3f4dc004d9f12e66f84b15b300e308ed41,0e232ccf8c45c2059bbf483bfb734ca15e95b29f3b601e09643494c9a7fe5c4c,False,False
H122,natural,engine_card_031.json,1_x79vS7QZPxMS91TTzqEqZDHh6jck2KI,engine_card_031.json,True,5196,94a626999de0430025a7961471322ace39c8d1215418a2e0e748b40ed47355d6,8d41ef1e2f7c0b9c82222c3b38c1d818a02dc523cc3e6998ebe3163aecae6b03,737dcdac871159b36102e12c933344b2ff3120d4a65bd8f6b51b8d3263f13c86,b5a6db9620bfcbbb359e6c87eea60eb58d769fe110734c9cbf7ade92d6e84cd5,53bbae0676cb89a786b6419176efc332ac63bfda643483ec9a562e8123ee83e0,False,False
H123,normal,engine_card_045.json,1mGuNlO811m7wdbEgknXMBv-Xp2zBURPo,engine_card_045.json,True,5199,eb7f3422ac54ce0d6430fa0fa40b240365f9ad29bdd31adbf62e2bb84c87001e,84fb1fdaf767378cdf9353578d57ca15c60debb7566186d114242d80abfd3a16,a5404186988a0fcc5763daefb022121d09dfffff16ecabb415f886b663202ab9,f57111dc7d0e3314a5ea30deb21ce5d29ea9dc4f6edf9559f50250716e5b0fbd,03e613ce0ed5c5b74531cdb723631963b3b9c1901f837da4bdab658bdf4c4597,False,False
H124,normal,engine_card_058.json,1T5kzCWQVxl_4vyf5rdN0Gdv7ujtgRcKB,engine_card_058.json,True,5199,0292770e9d232a86de28b0f8bae4f2aa5cd348936b69cf7fadfb024acc60c341,7eff490bc4ef3f81e8f2ea9a57398aacc5ff44ae76c8e72cb7fc6ed736886897,954e5b7003d4661176bc6db554f463489a0c64fe2819074968fdf1e9c5cc54d4,dfe7f095163c0002aacf5c63b6765b83035d5ce9f286058b34a86a345cb26902,f274e6d733aa3b45f53093359b01b46d8d27e8310326b0d59c8234861a1c8f95,False,False
H125,natural,engine_card_008.json,1kDZulDcYXwxPa2d72YVgUxkDq_nJRULo,engine_card_008.json,True,5202,530262b8d9c800044f7029e2381df4596a1b931dea52d232ee7d2b5fa5ebba92,e981e1467e436388851571b86e5ad961ba0ed300e7471ea076a479cd67b75810,57379aca568894324f3f476b6a0f277d62d8a4330e47f61de55ac7f7c0a91ee8,5c28c3c44124f65fd04ee00d7e5cea4d67a45c1888c06c9e1fa14b5281a7d08a,fda93ed943dfe70bfba90ab060c780d667fb8d16617e289a75c3fc3a9882810b,False,False
H126,normal,confirmed_event_012.json,1OsBdj5m3HDLsXHQtHCAZG8A84LE9jPmn,confirmed_event_012.json,True,479,169898518e40b37d14f4d15c51e4ab6533d86471b1d090cecf3dd7e8a60f7563,13e7afc4b846a6d3f926fe552be0371427224bba7ee07558968b69258de76ebb,05f92a3b093f5298c4ab7dd647df0ab14b66ebac3710aec56e358a48a9a74bd7,fef7b13a6bcd317859d37b364e577b869796fdba137304e74fb38f9733ebb869,f5938b8fad49d1dce269198ce5b8210b115ded7a7edf878297e4ebfc478b1344,False,False
H127,natural,engine_card_026.json,16SGsTDr2vldVHCmkfJ4-lhNeo8Sx-i_s,engine_card_026.json,True,5209,6d4249796840024894f2515800169fa09155c00fcf8cccc8a3ca59d305888142,2f20374b159802fcb2bc36302a4911c899e042e53c77c11031014cae657a24ef,a2c32ecd8953b6588c3b7cc758777a2d9420dd62848abd2936683d2f05da3772,65ad5de0a51ccb1d135f73606b87ade1cdedc50086e2a610e01a22929f3360b2,85cd9d7341be731b30be0864655437c4eaf9a7c650cbbbb50058ae10fd127433,False,False
H128,natural,engine_card_027.json,1hucCf3JTbHFKKYSvq5zU_e5utvaZJXsY,engine_card_027.json,True,5212,0e71eeb9687bdb75e9c48dae3caac7c4a6071cf58c893f2d9d282c8d27193ea8,7a84bc0e2af4b71882c2bc40eb3a3b0075af9a9986b27d5a6870cca239a1628b,1d6fce3b3d2b1b0b9a6f65d0222e00e97d57712af62e87372dbf58e30870d96a,371b95c6d7fc4251c220fd4ea7f9ec7dbbcfde0d38e89eef2cbcc885288b18f5,a6f5263efe13d2ef4acf8af94f4b42636d2c85377741294cb30758a3feeed9d3,False,False
H129,natural,confirmed_event_020.json,1YMSAEEP_rUwbzmxxUSIj1VGRST0veOU8,confirmed_event_020.json,True,479,03922392e9c3e238153b75fc7d06a4c2b7e8d3ebda35a6e5408aeeb45cdb7d41,ecd838c3d842c1a03ede542c6064bd8ec893b64ccd9f74877f918fe3e3bd882b,6a9fc45ede58093b9f8135a23019cc57535a57dfc77a068e76a627b564fbe3a8,348460619940206d96131146fa7d304b508814ea3b612c0a7c5ee50df3c112b7,abf5f118ebf1f4d2484e882974de94fa7289f2829602bd5b6074b03ac79d1f75,False,False
H130,natural,confirmed_event_004.json,1QMkNkphzmzNGXRuy_2HC6K7euhebWxTF,confirmed_event_004.json,True,492,e59dc6b0bb005786c4eb112b7028c181b8590fbd6d18dd647778bb2ae1aef727,5eb4344997dac23fd268e325e249be8d71989b49141d90e693802ba2aa6d45bf,b2714b8eea0d720102ea48fa90bad6544d043105e51ab209bf809b750144946e,4c4ceeaf3869b26e6548e87d66ef0e12092025ac83137287cf7affa893984235,0f2be6253adf14504f41eb75a03546910a5f6877566c397c8e66565c341e5860,False,False
H131,normal,engine_card_039.json,1KoMFNGCzhMaV9eTS03lwrHDA867TFgi4,engine_card_039.json,True,5202,4a4182952ae4bbafe2faa0f25eec6f6eeedde134c6fed83dd71ba4e913dbd0e8,f1d89837a6f57bfc0c55de4de0d3ee1fe5f81c3d4c214f9925fafa726b9d1b03,ac34607cefca82efa3f326931af144b59f2d21cb4d181a8f8586a1e805dd95eb,77b38695852c1738f0e2b4d66b90151234c73cc193b0ee4a95f1743cad32a740,9d4deb0c4852d5985f9418f198053e2fac0e99059f66923e6c0b8def23e52340,False,False
H132,normal,engine_card_062.json,1eBXA1uGmAIY8NeiYeQtTB2y6eUQJpbWO,engine_card_062.json,True,5198,36bca8837592b9f1e3fa6a77909ecda2765e252486fc125b59d7b85c92210584,600418f6832421e3c38cb9fd098910e34eb84bf098950a242bc8b743371cf507,209a47dda846cfd6bb6eb674bbc156c6811075c0299e57a83cd0b9b0718aa218,8878cb59b174cd204d45822e1d2ff8051f90958fdc53369b4479c63ad939d0e7,1863898f1ea2debf4144de7e4871c676aa419158eb19f37c6449b77a03b5a51b,False,False
H133,normal,confirmed_event_013.json,1E1EVysAB8I8CKf7PDhoPPp8kGd1aLmVB,confirmed_event_013.json,True,560,dbfe402bc03da967fea01a86e54e07e501ddee7939bec68f58af7bd786944b23,ca9e1d001a6f1a341a49b13f6f8700d8e50b65e0aa3f83593e1089d142f7b30f,b1d2ebae393b7e02ba0a166b5f341bdfc19c45dccaf5c1ee97c0b6f89a55b780,e0dde99b11d1908f3bdf22644f9ce6ba0a76beea27fe98ef7b8ffcfeb18866b6,e6cb1c391ac12bcf2ba0e6a9997981a6a995c72001b9dc5fbe8180f4efbeb036,False,False
H134,natural,engine_card_044.json,1JMwRyYH0gd3StsEaFItpfk-ql2pHJ2aF,engine_card_044.json,True,5198,f392b579ea8dc503d9a6ac76cc16d7ee899527f068ff5c49fdc86c9aa20ac336,5f869543096362794995a9916218d2277f8ca5415b5153726d208ad7c9c4373f,0ff5f98847d5baf6056db71c7d2028802d9519a4cedfece38826ee2affb8e90c,ef471075e13fc00ba99a9e1470d5c7c30b955881332f444ea6410664475b6caf,782b82ea1c442161f55e200eba537ae23acc208e7696e3d49c9157a3fe19f1e8,False,False
H135,normal,engine_card_020.json,1XCvBLDNzDFn4sjjJiRuUO20IAlAoAdWU,engine_card_020.json,True,5202,e36a21ea3fc9786c05fa0d20eedcfbd18435a7846d9cfa523bde1ee92509bae9,cd42f8f8ae19a4a7d80098d8278c5aa26f06dd6c92190a69bbf0911b35705ea1,64e4efd5dd58649dcf3e43de14bfd8198bd843d673f03227455078a2457cdd20,24beef4468d217f3ec9535478d476e5992d53b25e5c14618d9d17809974ebcf3,75a38fa2b6885dd65ec29552f3b719f10b15947eec74cfd0ebaf58687c80936d,False,False
H136,natural,engine_card_006.json,1ZAjiE8dPbiLCcwhKECpZCvzrYB1zBXS8,engine_card_006.json,True,5198,38488a0884e1bf6020427136be1c53d2715d65032510e6cfaf3e0b4d827dc639,b799cfa470d4617dc0e3400e035fee646df3d5dca957b44226f7b5dc10873a74,1929fb9b7a878e0f13dfcb5405e93759d8b947613b84ea910ba6480da1fb2609,431085a3f65195e7138e329be4cc2478bf822ee8c886baec5d25696aeab1376c,87172dba97e04a238f8d416360e5f5e4b26fc63c010a822fdd020a7472812114,False,False
H137,natural,engine_card_017.json,1PBhOOBfzT4vQS4zHTWTNXBA60viXv1Ph,engine_card_017.json,True,5205,087be8e824c46d6a18f4162bd29872e4ace9da17521550c6f2e2e860bf2d075f,50dc6eed6f5ef91bf7a0e093fa378c5650c044813193115bbf77d88e0fb85943,5ef69762df976440da359374003c62e5b7cc45b3965a96cf5024ac599f3f6c2b,e64cf3973b9bede5690c941fc5d43c771513e6e59ba1569babd9a2d6982f16a5,1d73dc2fb1dc117e4b48bae1f6ddd46d1129daff952c5d50869c6f3678b64d3b,False,False
H138,natural,confirmed_event_012.json,1ydrafStm6PZhVoSMVDxjkLantXQc5zV-,confirmed_event_012.json,True,660,4f7be47efcd5bd62769e0457a4d7b0799461d87c4267467f808047996afbdf2f,ebe70eafb5ca8ddddd0d961ab61c925089e658a131dcfcd1cdee538ffc75c4c0,3acbdd55e1eec444dcf510c786ec6aa78258e7cec2fe32c63b35a5a2665b2b60,1eb3efbcf6500108e110184535c62e5a4fe3f4ec8ead37aa070a60a5d1cdc5c5,1fce75e69e45402cd38e9d98c2acbc7b8197721e007c70423979a3a0f9593cc9,False,False
H139,natural,confirmed_event_021.json,1J55CZdJpM3xWTkMzckrpkUgjI1LE0sav,confirmed_event_021.json,True,780,96fdbd862734c04f4e700843d5a9665fdb48ff3b14eab2466d0e022a7d7092d4,f225bd776f3458a0dc71743e739b228bb07e04bc23ac59c5e61a13e00b11f04d,6807db567d7436b34fb650c87412068e6aa95025db0369de1ecf8a14ec2d4df9,17828d123bc05e94302c12306db1aae7c94df1ad496152e90df3d0f8166206fd,ad3db2fb8a6b7d476a0638ed0affc990a2c42c38d9ff14acb583444939ee00f4,False,False
H140,normal,engine_card_050.json,1XX4LKxGhajU6HmtcD9cayFUEO_zVF5x3,engine_card_050.json,True,5197,1dbc5129e8c4c623a0ec0cb9792acb4203ca106dda4f2c1dede4716f5f73570b,aeb110452dc278f8ff92afee9ca14a55aeab8c36b4e47b6a5d019fc3f6cfa4e7,3199f5c173d4e9f9124e44c2f31d6519559a8e15d851e24d87d4b87e41b44a31,2e0643e7d5ae7c4b17e3807784a377cef4bb8d11237fc3f52291fb0ad734d38e,91181cf6019d8347d425764cad9d21c438fa95df5691f9c6b2085dc14b2a9604,False,False
H141,natural,engine_card_009.json,11PJNnNJsPQXiqfPChpDpX8EL25xf9yVB,engine_card_009.json,True,5202,a39b8946928d212d08fe0b0e7381929e582d8fdea767739fa845e58396e5eb11,4f0e60c506c3744f72d1fd296035d5fb98f2b32fe2a425e6a1672a9c3c492f94,5d37f53697faaf24b32a0cd134a9cefbfe3b67ad60ba4661ba109c66ecd9add8,6201d1ce48cc13f8224477cad11229cb9aad5887c9c19bbeac48b45f17be22f5,156006ba364b6b374f6ba84652095dcce02dfdb4826bcb0ca375f12c91cec307,False,False
H142,normal,confirmed_event_001.json,1NaNhN0VgEQwsQ-vDfY0RB8DwPEYi8iab,confirmed_event_001.json,True,4130,8b7ba5113069a2bec0d1e71602000d3193311f255e7c9d4c34de2ead1b866f65,7e1e416fc3449648fe9955a0638ee25b781cf634ec0f4197ea11e70beb27ab8c,1c6fd9130d30a1938c44e5a65449568a89fb627e6e4c93221ca40e0ffd188500,04176c21abde30e44453220a8b5bb919e6024216ed605b8ef2bf2d8ba77e7a74,c7ab7b349201f3d0c9e043e0f2e411fa9b59431925f479485e2eec3d2c3964cf,False,False
H143,normal,engine_card_041.json,1RB5w0sljIIE-IK3oekjI1U5Svf5HrZ_N,engine_card_041.json,True,5205,9789d78aee9d1359cbcb7167029e1fd9153abb7caaa509ea9bab212e249c76c5,748d981952fa43b0ef64e62f6b4544f0f0d93de7e8d261d5c09abcf31300e718,024de080b360be850f1aed4470ee864084b29b7cf331b8a1b03cb4d53794f82a,30149a6c8cd2902f015761b6e4d510c6d9514866684fcbd73ff6896225726e73,735948471296c1be34145fd18960b745aa4f302580a86090c7510123a0c41c75,False,False
H144,natural,engine_card_007.json,1yf7pacGH_78FcZXbN32yJsEWgCS6dvNV,engine_card_007.json,True,5202,b4039a361ba86b1597c73793b0975ffe5d4acacf2de242c99bd4366d5a8b87c9,dc80c12cf03f2e889db479044d05dd19de0b878465efae9590f2768c132fb457,1b9d9cc451628ad176469d9cfe30cfcd799a8f6cf8c2598e779af6738425e60f,5487b8ea380da32a22fbdcef75716d90ddfeda6a357182449fd96afb990c7053,601f27ff90235ead6b256f3240f3f62f4d84b56396c67dcc83336d330490ae3e,False,False
H145,natural,confirmed_event_015.json,1g3VYeze62MQmSUADm8Qe0cLtzR4kkqn_,confirmed_event_015.json,True,557,95ae00624a1816dad1e86df2ccd934dcf500a25d4440932548436387a91bd7bd,ccbd88ce3f6662bded47fa44b84dcf7215ab4c2face637ae1260cb2451755b56,7d0cc020f72db9c380d53c8b17a3fbf86a8cada755ba1a85ecee13af996370f8,e26573cb65b373266cc32c3aac09366122ec1011cc5a917aea7ff6664a0ad704,7943ca46d7b7384fd5c1048610b9ecebefffbbfc19bb30bfb2e29288916854af,False,False
H146,natural,engine_card_032.json,1RQ3LA2qXmfDkPIKiPYWVlV_Xx9RfqcES,engine_card_032.json,True,5196,76bea7658b46249e1c49a9ca5beeab15315d5d577ec39b47636b8725f5b9292b,3640996037a019c9e80715e3ab64585194db83773898af6625f9155721dd16e1,9ce8b49da9b161cdc8819d4f37ae1415d71e8bfcc0e9d33abe0bf199a8707833,b51d5659558a4e540f7b7d46b3b75e942a2aa022fc83f3844687c2c6400770ef,f7945ce333c2d6bc2fb3946415e44841c1d89caf272b73a706218f378e52387d,False,False
H147,normal,engine_card_018.json,1wbXWTyWyNB8hbAvG9bwFyXonJ4a9-QPv,engine_card_018.json,True,5199,ca7ed131df00bc4f756088dc570bab45c4083b33d9b1ea6943a87ef4d8334d1f,3bc8c0e5b929ffa7ca10a133b3291b64cd154b6fda1e4fc00d3c9e14eb347f3c,b484d31eb9e0b47ad7c0aea653a1f8971307580a9fe287e7514a8c98eea09518,6300eacdefde79bc2910f340264c4e89fb986622ba63b96cf8ea0b1df8c5f0a4,740e644485e12473af6915fa431054a4a77344d87b9e6b2ae138faa0a70cd7c7,False,False
H148,natural,engine_card_033.json,1FnFgavVHN3AF4cQVcyx7Vk-ZvpEQyr6E,engine_card_033.json,True,5195,617b22d6b27055221a919d0f068d6dfbd76ce50f55b50cb8d76fd467a677e062,dc9cb92044167b6abb88d03d666fd65a3a6aae3b04dabc94b2a3a3c4a2593189,8047c1000bb512a882259c4f86e50476e07e2f8fc0955f862843596c8cbd5884,39d8bbbb83addc032b029f78097ac3cf658f68e6fcabde5e4412f24833ce0889,e098275d691cdd7ee6cfafc98a5cf3132eaf9f0adc42a87a1dae5135c33a86ea,False,False
H149,normal,engine_card_017.json,1CWqBAPa_5L_JMAPKs4RW31JTsLzqcD0N,engine_card_017.json,True,5167,eb8a9ca97d7437bea43489c0477111840bf6311a151770831f753299384dae5d,a081579cda52e0320fad60c38b8fb64dffff50bf991401b6e1b5e09c50c75117,3a286f60deb02f7b6106bf6e04110856538a4589dd924d29dce4823260e41faf,63cec988167080954438c514a1bd3394341e122055c176fcbcf58752c8c9000f,0676b2dc708d8d7194b6029b253d9628c18add2b24a9e223617f588a763a5f4f,False,False
H150,normal,engine_card_061.json,1_ipMTeNRUPfmCgNhVs52Shox_JpUWCAz,engine_card_061.json,True,5204,98e2f82ba2485cc687d22188449c4bf560c7dca68dbd629065a45e45c3adf8fb,10c7016184f6ca94ece611e5d69f38340ee74b605e8b18f076c03f193eadda59,5c96561e54911feb8797352e97df282acd3dbf02c4759adca62ff6f4c1c66723,4022ca6e3861e39a2ed219919fa5077464d1b1a7d42bc424da69e5ed7e1cd4b9,1d5a38bca3783fcbb2cc8cc7761abd378fa68325fbbdf71ecd0824ba2f13bbeb,False,False
H151,normal,engine_card_033.json,1Z-vv7DNjXF7HpdzIKxFTCBziTqsj1d-9,engine_card_033.json,True,5199,9a92789fdadd1e209c0cf2ccbd15a166c9180eac079701d1553e09ca953ea579,7cf06e0ccea8f579b65bef812699859c42ed7ec2772cade06f5dd74935a49e2b,290bbba28b0b9dd443f3e9bc0c4cc3962fce5d2d5815e0163a8688a2270a77f3,54749fb89bb1a4653145e78b120594962f5dfc5a09b3e6d964e10a2df1b367be,b3a89e9b936deab9064e327b60b8599b0375cbb841e510d367d77e8d17086098,False,False
H152,normal,engine_card_004.json,101iSJospCfJrhNkUfvNKH8eIM4LlsnTT,engine_card_004.json,True,5175,c16b59a275b723ff99d3219ec6f0a175e850c3b31862da755e0fd24296ced76c,b08258e459ebeac3f78c14ec635a50e1e88615632d6a2d2e95b181a02da16484,00ef88e0ba524978acf0110b5314f3e332651adfc33aef42500f68951d22ddf7,6bf2e905f16b0163af4281f2e9afc11628826fc3af8f94f224ccacffd493f829,f542b6efca51310aea4f60e39747a7ad623f3d67e971129879ff8ddc5f3d56b4,False,False
H153,normal,engine_card_011.json,14RKJdQ8gg_RD79Zl-0W9cuZ8cFCoRm1G,engine_card_011.json,True,5193,9b7ae7c8f02a37da5be2a36c65e8a1441fd7e0dddb27b0c201a227c9a7f48c06,25b24e59f7e240fdc7883d4265a7a76690dafca980743ef8ba3a20812e544588,cfbbe5babdd191353cf203a4888f3ec213dc55ef94bf6c22d4c69b118b5c69de,e21a44d45e54efa94a9ddd0d990768cd96af45038ff57ae3662afbcf6ed4c0db,59342d409caccf0c8d11a512fb354ed5153e36e3ac109428191fa99b82cbce1d,False,False
