trial,config,stream,seed,policy,initialization,frames,state_scale,discrepancy_rms,discrepancy_max_abs,discrepancy_normalized_rms,final_state_l2,final_init_separation_l2,tail_pulse_max_change,pulse_phase_exactly_constant,prediction_max_abs_difference,rounded_prediction_max_abs_difference,task_mse,reference_task_mse,task_mse_delta_from_reference,rounded_task_mse,seconds_median,runtime_ratio_to_current,persistent_state_bytes,common_matrix_bytes,geometry,max_carry_abs,max_sampled_storage_error,exact_max_sampled_storage_error,storage_samples,task_mse_delta_from_current
bands_driven_19,bands,driven,19,none,0,44087,0.14669159346527494,0.0,0.0,0.0,1.2116662786659442e-05,6.367905294799705e-05,1.4815907938642238e-07,False,0.0,0.0,0.002055564441595786,0.002055564441595786,0.0,0.0020555705786793922,2.223821699997643,1.0311759594320729,64,768,"{""dominance"": 1.0, ""entropy"": 7.293490943218792e-22, ""reason"": ""descriptive only""}",0.0,0.0,0,0,-1.3398430984714466e-05
bands_driven_19,bands,driven,19,none,1,44087,0.14669159346527494,0.0,0.0,0.0,5.156239016133761e-05,6.367905294799705e-05,6.304901265081309e-07,False,0.0,0.0,0.25038962652143015,0.25038962652143015,0.0,0.250389678709149,2.223821699997643,1.0311759594320729,64,768,"{""dominance"": 1.0, ""entropy"": 1.8525282783532488e-19, ""reason"": ""descriptive only""}",0.0,0.0,0,0,-4.1843137634667293e-05
bands_driven_19,bands,driven,19,every_step,0,44087,0.14669159346527494,0.001840409168976715,0.004161748897165183,0.012546112053874304,0.00620513497032901,0.031142862745739994,0.0,True,0.06718691942577117,0.06718,0.0019416113492895452,0.002055564441595786,-0.00011395309230624096,0.001941615012721439,2.9516895999986446,1.3686849783089623,64,768,"{""dominance"": 1.0, ""entropy"": 5.127467280220533e-28, ""reason"": ""descriptive only""}",0.0,0.0,0,0,-0.00012735152329095543
bands_driven_19,bands,driven,19,every_step,1,44087,0.14669159346527494,0.007575131503386612,0.01950488747841324,0.051639847413477095,0.025647506701432014,0.031142862745739994,0.0,True,0.43139728922594367,0.4314,0.25398913888737434,0.25038962652143015,0.0035995123659441908,0.2539891403941807,2.9516895999986446,1.3686849783089623,64,768,"{""dominance"": 1.0, ""entropy"": 5.704055784960076e-28, ""reason"": ""descriptive only""}",0.0,0.0,0,0,0.0035576692283095235
bands_driven_19,bands,driven,19,pulse100,0,44087,0.14669159346527494,0.00014741366619427476,0.0004503934168369211,0.0010049223865658719,0.000676317213707317,0.001352634427414634,0.0,True,0.010408507697367467,0.010410000000000003,0.0020689628725805006,0.002055564441595786,1.3398430984714466e-05,0.0020689700221471854,2.1565879999980098,1.0,64,768,"{""dominance"": 0.6238700004490924, ""entropy"": 0.9706716128616519, ""reason"": ""descriptive only""}",0.0,0.0,0,0,0.0
bands_driven_19,bands,driven,19,pulse100,1,44087,0.14669159346527494,0.00010294700803818712,0.0004232679822108107,0.0007017921450458366,0.000676317213707317,0.001352634427414634,0.0,True,0.00979453661096523,0.009800000000000017,0.2504314696590648,0.25038962652143015,4.1843137634667293e-05,0.2504314770942985,2.1565879999980098,1.0,64,768,"{""dominance"": 0.6238700004490924, ""entropy"": 0.9706716128616519, ""reason"": ""descriptive only""}",0.0,0.0,0,0,0.0
bands_driven_19,bands,driven,19,carry,0,44087,0.14669159346527494,4.282168878246188e-06,2.5596690322823607e-05,2.919164470907373e-05,2.23606797749979e-05,6.708203932499369e-05,1e-05,False,0.00021364191344834527,0.00021999999999999797,0.0020555457959938314,0.002055564441595786,-1.864560195477538e-08,0.002055540572856562,3.859524200001033,1.7896437335293505,128,768,"{""dominance"": 0.2588683849739998, ""entropy"": 1.8477141925884126, ""reason"": ""descriptive only""}",4.999997686248579e-06,0.0,0,4320,-1.3417076586669241e-05
bands_driven_19,bands,driven,19,carry,1,44087,0.14669159346527494,4.109436372615618e-06,2.5991029176224536e-05,2.8014123205965514e-05,4.69041575982343e-05,6.708203932499369e-05,2e-05,False,0.0002048483887247543,0.00021000000000001573,0.25038959296835883,0.25038962652143015,-3.355307132135721e-08,0.25038958258332766,3.859524200001033,1.7896437335293505,128,768,"{""dominance"": 0.5997926860404053, ""entropy"": 1.2630562878239568, ""reason"": ""descriptive only""}",4.999999874564084e-06,0.0,0,4320,-4.187669070598865e-05
bands_driven_7,bands,driven,7,none,0,44087,0.14643535527224713,0.0,0.0,0.0,1.1125536465197227e-05,0.0001050133081592671,1.360398708287303e-07,False,0.0,0.0,0.002145953199248694,0.002145953199248694,0.0,0.0021459515136340187,2.2102976000023773,1.2388299487016141,64,768,"{""dominance"": 1.0, ""entropy"": 5.476604617922389e-22, ""reason"": ""descriptive only""}",0.0,0.0,0,0,4.279443849542885e-06
bands_driven_7,bands,driven,7,none,1,44087,0.14643535527224713,0.0,0.0,0.0,0.00011613884462446433,0.0001050133081592671,1.4201124975521504e-06,False,0.0,0.0,0.4753932072422766,0.4753932072422766,0.0,0.4753931438045993,2.2102976000023773,1.2388299487016141,64,768,"{""dominance"": 1.0, ""entropy"": 4.4055368169245406e-18, ""reason"": ""descriptive only""}",0.0,0.0,0,0,-0.00019555195643489176
bands_driven_7,bands,driven,7,every_step,0,44087,0.14643535527224713,0.0016354721620497168,0.0036124238260086044,0.01116856075507932,0.005511333776863818,0.050056898625464204,0.0,True,0.0656190859896283,0.06562,0.0021045374843454614,0.002145953199248694,-4.1415714903232474e-05,0.002104540196709349,2.978770199988503,1.669544288534578,64,768,"{""dominance"": 1.0, ""entropy"": 1.1131284923610916e-27, ""reason"": ""descriptive only""}",0.0,0.0,0,0,-3.713627105368959e-05
bands_driven_7,bands,driven,7,every_step,1,44087,0.14643535527224713,0.01613762888684929,0.038390912749055185,0.11020309171133442,0.05526269899308212,0.050056898625464204,0.0,True,0.9642970965399151,0.96429,0.4727781826263,0.4753932072422766,-0.0026150246159766244,0.47277817658934457,2.978770199988503,1.669544288534578,64,768,"{""dominance"": 1.0, ""entropy"": 7.260786102850927e-28, ""reason"": ""descriptive only""}",0.0,0.0,0,0,-0.002810576572411516
bands_driven_7,bands,driven,7,pulse100,0,44087,0.14643535527224713,0.0001496163333596853,0.00045107497943004595,0.0010217227464059087,0.000676317213707317,0.0,0.0,True,0.012143994208421383,0.012149999999999994,0.002141673755399151,0.002145953199248694,-4.279443849542885e-06,0.0021416720033098774,1.7841816000000108,1.0,64,768,"{""dominance"": 0.6238700004490924, ""entropy"": 0.9706716128616519, ""reason"": ""descriptive only""}",0.0,0.0,0,0,0.0
bands_driven_7,bands,driven,7,pulse100,1,44087,0.14643535527224713,7.315431990335031e-05,0.00037886103344224645,0.0004995673330893659,0.000676317213707317,0.0,0.0,True,0.010242588752504445,0.010249999999999995,0.4755887591987115,0.4753932072422766,0.00019555195643489176,0.4755887282314207,1.7841816000000108,1.0,64,768,"{""dominance"": 0.6238700004490924, ""entropy"": 0.9706716128616519, ""reason"": ""descriptive only""}",0.0,0.0,0,0,0.0
bands_driven_7,bands,driven,7,carry,0,44087,0.14643535527224713,4.295829449383383e-06,2.5333406269572884e-05,2.933601275045045e-05,0.0,0.00010677078252031311,1e-05,False,0.000254138248034233,0.00025999999999999635,0.0021458800821980138,0.002145953199248694,-7.311705068008614e-08,0.002145874988858088,3.4121582000079798,1.9124500555369246,128,768,"{""dominance"": 0.6648978816952387, ""entropy"": 1.252729751653534, ""reason"": ""descriptive only""}",4.999999937743355e-06,0.0,0,4320,4.206326798862799e-06
bands_driven_7,bands,driven,7,carry,1,44087,0.14643535527224713,3.895366067556606e-06,2.578075199429511e-05,2.6601267571717826e-05,0.00010677078252031311,0.00010677078252031311,2.0000000000000012e-05,False,0.00023293176652328107,0.0002400000000000041,0.4753904681867221,0.4753932072422766,-2.739055554534797e-06,0.47539049013894225,3.4121582000079798,1.9124500555369246,128,768,"{""dominance"": 0.453036019502524, ""entropy"": 1.620230593553806, ""reason"": ""descriptive only""}",4.999999641186435e-06,0.0,0,4320,-0.00019829101198942656
bands_impulse_19,bands,impulse,19,none,0,39991,0.14669159346527494,0.0,0.0,0.0,5.0633145292323574e-08,9.005239163020739e-05,6.195121876774391e-10,False,0.0,0.0,,,,,1.7997891999984859,0.8810760922338177,64,768,"{""dominance"": 1.0, ""entropy"": 2.150703801375495e-20, ""reason"": ""descriptive only""}",0.0,0.0,0,0,
bands_impulse_19,bands,impulse,19,none,1,39991,0.14669159346527494,0.0,0.0,0.0,9.000175848491506e-05,9.005239163020739e-05,1.1011993402346149e-06,False,0.0,0.0,,,,,1.7997891999984859,0.8810760922338177,64,768,"{""dominance"": 1.0, ""entropy"": 1.6652904975126897e-18, ""reason"": ""descriptive only""}",0.0,0.0,0,0,
bands_impulse_19,bands,impulse,19,every_step,0,39991,0.14669159346527494,0.0006924267371374082,0.001859965520267749,0.0047202891507298304,0.0019729926507719184,0.03087122446551157,0.0,True,0.0022995203540190218,0.0022999999999999965,,,,,2.699578300002031,1.3215624914556678,64,768,"{""dominance"": null, ""entropy"": null, ""reason"": ""centered window energy below 1e-30""}",0.0,0.0,0,0,
bands_impulse_19,bands,impulse,19,every_step,1,39991,0.14669159346527494,0.00881763714939726,0.02294871136155264,0.06011003726320953,0.029521730979060155,0.03087122446551157,0.0,True,0.49327723506610405,0.49327999999999994,,,,,2.699578300002031,1.3215624914556678,64,768,"{""dominance"": 1.0, ""entropy"": 9.458299919733492e-29, ""reason"": ""descriptive only""}",0.0,0.0,0,0,
bands_impulse_19,bands,impulse,19,pulse100,0,39991,0.14669159346527494,5.285047818697005e-05,0.00012303425221551836,0.0003602829374096403,0.00015382018920351607,0.0007743337627029039,0.0,True,0.0020702122303988546,0.0020700000000000024,,,,,2.0427170999901136,1.0,64,768,"{""dominance"": 0.8558042389710632, ""entropy"": 0.5205095672537198, ""reason"": ""descriptive only""}",0.0,0.0,0,0,
bands_impulse_19,bands,impulse,19,pulse100,1,39991,0.14669159346527494,8.69067327653096e-05,0.00039679613861877085,0.0005924452159276754,0.0006764367194674624,0.0007743337627029039,0.0,True,0.009195359240676007,0.009200000000000014,,,,,2.0427170999901136,1.0,64,768,"{""dominance"": 0.6225738354868436, ""entropy"": 0.9725253953781767, ""reason"": ""descriptive only""}",0.0,0.0,0,0,
bands_impulse_19,bands,impulse,19,carry,0,39991,0.14669159346527494,1.942089210845954e-06,2.8544345678744584e-05,1.3239267261117374e-05,0.0,9.16515138991168e-05,0.0,True,0.00022186430604483054,0.00021999999999999797,,,,,3.0769864000030793,1.5063203808388206,128,768,"{""dominance"": null, ""entropy"": null, ""reason"": ""centered window energy below 1e-30""}",4.999999303433805e-06,0.0,0,3992,
bands_impulse_19,bands,impulse,19,carry,1,39991,0.14669159346527494,4.049735925495239e-06,2.582363032148534e-05,2.7607143871225987e-05,9.16515138991168e-05,9.16515138991168e-05,1.999999999999999e-05,False,0.00020213033982613426,0.00020000000000000573,,,,,3.0769864000030793,1.5063203808388206,128,768,"{""dominance"": 0.728357814257899, ""entropy"": 1.033922011572423, ""reason"": ""descriptive only""}",4.99999925303254e-06,0.0,0,3992,
bands_impulse_7,bands,impulse,7,none,0,39991,0.14643535527224713,0.0,0.0,0.0,5.0633145292323574e-08,0.0001823758967347191,6.195121876774391e-10,False,0.0,0.0,,,,,5.016678300002241,1.3782736028506595,64,768,"{""dominance"": 1.0, ""entropy"": 2.150703801375495e-20, ""reason"": ""descriptive only""}",0.0,0.0,0,0,
bands_impulse_7,bands,impulse,7,none,1,39991,0.14643535527224713,0.0,0.0,0.0,0.00018242652988001141,0.0001823758967347191,2.2320449804189002e-06,False,0.0,0.0,,,,,5.016678300002241,1.3782736028506595,64,768,"{""dominance"": 1.0, ""entropy"": 2.564687231456515e-17, ""reason"": ""descriptive only""}",0.0,0.0,0,0,
bands_impulse_7,bands,impulse,7,every_step,0,39991,0.14643535527224713,0.0006924267371374082,0.001859965520267749,0.004728548893469574,0.0019729926507719184,0.05158018514895036,0.0,True,0.0029851335674765667,0.0029900000000000065,,,,,2.955325199989602,0.8119409831368288,64,768,"{""dominance"": null, ""entropy"": null, ""reason"": ""centered window energy below 1e-30""}",0.0,0.0,0,0,
bands_impulse_7,bands,impulse,7,every_step,1,39991,0.14643535527224713,0.015303694713604843,0.03417577272013392,0.10450819534089147,0.05274521589679959,0.05158018514895036,0.0,True,0.9039326301582347,0.90393,,,,,2.955325199989602,0.8119409831368288,64,768,"{""dominance"": 1.0, ""entropy"": 7.395055723940179e-28, ""reason"": ""descriptive only""}",0.0,0.0,0,0,
bands_impulse_7,bands,impulse,7,pulse100,0,39991,0.14643535527224713,5.285047818697005e-05,0.00012303425221551836,0.000360913374292106,0.00015382018920351607,0.00060238010926605,0.0,True,0.00204795796325917,0.0020499999999999963,,,,,3.6398275999963516,1.0,64,768,"{""dominance"": 0.8558042389710632, ""entropy"": 0.5205095672537198, ""reason"": ""descriptive only""}",0.0,0.0,0,0,
bands_impulse_7,bands,impulse,7,pulse100,1,39991,0.14643535527224713,5.7169154152637155e-05,0.0003331994034254231,0.0003904054048037129,0.0006764367194674624,0.00060238010926605,0.0,True,0.009040310279662012,0.009040000000000006,,,,,3.6398275999963516,1.0,64,768,"{""dominance"": 0.6225738354868436, ""entropy"": 0.9725253953781767, ""reason"": ""descriptive only""}",0.0,0.0,0,0,
bands_impulse_7,bands,impulse,7,carry,0,39991,0.14643535527224713,1.942089210845954e-06,2.8544345678744584e-05,1.3262433838025621e-05,0.0,0.0001760681686165901,0.0,True,0.00024476334237365227,0.0002500000000000002,,,,,6.714135299989721,1.8446300313774342,128,768,"{""dominance"": null, ""entropy"": null, ""reason"": ""centered window energy below 1e-30""}",4.999999303433805e-06,0.0,0,3992,
bands_impulse_7,bands,impulse,7,carry,1,39991,0.14643535527224713,3.888181520957727e-06,2.559211203555955e-05,2.6552204648453683e-05,0.0001760681686165901,0.0001760681686165901,1.0000000000000003e-05,False,0.0002389823849137801,0.00024000000000000063,,,,,6.714135299989721,1.8446300313774342,128,768,"{""dominance"": 0.5480704308253836, ""entropy"": 1.4827967747055655, ""reason"": ""descriptive only""}",4.999997531214031e-06,0.0,0,3992,
bands_project_19,bands,project,19,none,0,41090,0.02670240567668413,0.0,0.0,0.0,8.089474406220569e-05,7.80522348958217e-05,9.89618552126796e-07,False,0.0,0.0,0.4662612443889577,0.4662612443889577,0.0,0.46626133730996777,1.9963654000021052,1.1677971147240875,64,768,"{""dominance"": 1.0, ""entropy"": 1.0830485876221438e-18, ""reason"": ""descriptive only""}",0.0,0.0,0,0,1.811920759842156e-05
bands_project_19,bands,project,19,none,1,41090,0.02670240567668413,0.0,0.0,0.0,2.8425091663840065e-06,7.80522348958217e-05,3.477357944046142e-08,False,0.0,0.0,1.8062565989005057,1.8062565989005057,0.0,1.8062563547614356,1.9963654000021052,1.1677971147240875,64,768,"{""dominance"": 1.0, ""entropy"": 1.4481826237777438e-20, ""reason"": ""descriptive only""}",0.0,0.0,0,0,-0.0006297330571620741
bands_project_19,bands,project,19,every_step,0,41090,0.02670240567668413,0.010557949113537161,0.027914912979430873,0.3953931807258886,0.03486989675923919,0.03812677536849923,0.0,True,0.7319790537175708,0.73198,0.4669521096520016,0.4662612443889577,0.0006908652630439049,0.4669519761292892,3.307856700004777,1.9349691745720732,64,768,"{""dominance"": 1.0, ""entropy"": 8.029853055114364e-28, ""reason"": ""descriptive only""}",0.0,0.0,0,0,0.0007089844706423265
bands_project_19,bands,project,19,every_step,1,41090,0.02670240567668413,0.0026905637418156844,0.004899187843467187,0.10076109899584879,0.007957241984506943,0.03812677536849923,0.0,True,0.05764001448243028,0.057640000000000004,1.804062096073427,1.8062565989005057,-0.0021945028270786704,1.8040620195337451,3.307856700004777,1.9349691745720732,64,768,"{""dominance"": 1.0, ""entropy"": 6.020532581412118e-28, ""reason"": ""descriptive only""}",0.0,0.0,0,0,-0.0028242358842407445
bands_project_19,bands,project,19,pulse100,0,41090,0.02670240567668413,8.961935937846322e-05,0.0004030712424158923,0.00335622791682461,0.0006764104808293517,0.00016994162137313242,0.0,True,0.012854039806124616,0.01285,0.4662431251813593,0.4662612443889577,-1.811920759842156e-05,0.46624297158663813,1.709513900001184,1.0,64,768,"{""dominance"": 0.6229443024824015, ""entropy"": 0.9719875144276825, ""reason"": ""descriptive only""}",0.0,0.0,0,0,0.0
bands_project_19,bands,project,19,pulse100,1,41090,0.02670240567668413,0.00013863253274988384,0.00033968962813314034,0.005191761911958902,0.0005097704580940955,0.00016994162137313242,0.0,True,0.01044824696336159,0.010449999999999997,1.8068863319576678,1.8062565989005057,0.0006297330571620741,1.806886478633863,1.709513900001184,1.0,64,768,"{""dominance"": 0.6567907664739904, ""entropy"": 0.7519786130497877, ""reason"": ""descriptive only""}",0.0,0.0,0,0,0.0
bands_project_19,bands,project,19,carry,0,41090,0.02670240567668413,4.051161046302906e-06,2.531869989401956e-05,0.00015171520856041364,8.306623862918075e-05,8.306623862918075e-05,1.0000000000000003e-05,False,0.0004565937783602321,0.0004600000000000021,0.46626399959394627,0.4662612443889577,2.7552049885470886e-06,0.4662642902186592,3.204623099998571,1.874581481903336,128,768,"{""dominance"": 0.509160350874183, ""entropy"": 1.4419235233846104, ""reason"": ""descriptive only""}",4.999999530224536e-06,0.0,0,4080,2.087441258696865e-05
bands_project_19,bands,project,19,carry,1,41090,0.02670240567668413,4.017461474322866e-06,2.4629235173433378e-05,0.00015045316601682867,0.0,8.306623862918075e-05,0.0,True,0.00045207132756420326,0.000449999999999999,1.8062495963927667,1.8062565989005057,-7.002507738995689e-06,1.8062497760205745,3.204623099998571,1.874581481903336,128,768,"{""dominance"": null, ""entropy"": null, ""reason"": ""centered window energy below 1e-30""}",4.999999519982373e-06,0.0,0,4080,-0.0006367355649010698
bands_project_7,bands,project,7,none,0,41090,0.02670240567668413,0.0,0.0,0.0,8.089474406220569e-05,0.00015194510579077917,9.89618552126796e-07,False,0.0,0.0,0.4662612443889577,0.4662612443889577,0.0,0.46626133730996777,2.6992329000058817,1.0220809119886929,64,768,"{""dominance"": 1.0, ""entropy"": 1.0830485876221438e-18, ""reason"": ""descriptive only""}",0.0,0.0,0,0,1.811920759842156e-05
bands_project_7,bands,project,7,none,1,41090,0.02670240567668413,0.0,0.0,0.0,0.0002328398498529849,0.00015194510579077917,2.8484252645804783e-06,False,0.0,0.0,2.4580762885142198,2.4580762885142198,0.0,2.4580763188648675,2.6992329000058817,1.0220809119886929,64,768,"{""dominance"": 1.0, ""entropy"": 6.66306275306295e-17, ""reason"": ""descriptive only""}",0.0,0.0,0,0,-0.00020975324361449665
bands_project_7,bands,project,7,every_step,0,41090,0.02670240567668413,0.010557949113537161,0.027914912979430873,0.3953931807258886,0.03486989675923919,0.044898052296285636,0.0,True,0.7319790537175708,0.73198,0.4669521096520016,0.4662612443889577,0.0006908652630439049,0.4669519761292892,3.2537532999995165,1.2320534253426145,64,768,"{""dominance"": 1.0, ""entropy"": 8.029853055114364e-28, ""reason"": ""descriptive only""}",0.0,0.0,0,0,0.0007089844706423265
bands_project_7,bands,project,7,every_step,1,41090,0.02670240567668413,0.021514956017919515,0.05013144268256701,0.8057309996119876,0.07434268760274947,0.044898052296285636,0.0,True,1.572985583163745,1.5729799999999998,2.469894793526127,2.4580762885142198,0.011818505011907288,2.4698951651127605,3.2537532999995165,1.2320534253426145,64,768,"{""dominance"": 1.0, ""entropy"": 2.771362680443693e-28, ""reason"": ""descriptive only""}",0.0,0.0,0,0,0.011608751768292791
bands_project_7,bands,project,7,pulse100,0,41090,0.02670240567668413,8.961935937846322e-05,0.0004030712424158923,0.00335622791682461,0.0006764104808293517,0.0,0.0,True,0.012854039806124616,0.01285,0.4662431251813593,0.4662612443889577,-1.811920759842156e-05,0.46624297158663813,2.640918999997666,1.0,64,768,"{""dominance"": 0.6229443024824015, ""entropy"": 0.9719875144276825, ""reason"": ""descriptive only""}",0.0,0.0,0,0,0.0
bands_project_7,bands,project,7,pulse100,1,41090,0.02670240567668413,4.540209526841065e-05,0.0002985352786571944,0.0017002998088690795,0.0006764104808293517,0.0,0.0,True,0.0096259360262664,0.00963,2.4582860417578343,2.4580762885142198,0.00020975324361449665,2.458285715492638,2.640918999997666,1.0,64,768,"{""dominance"": 0.6229443024824015, ""entropy"": 0.9719875144276825, ""reason"": ""descriptive only""}",0.0,0.0,0,0,0.0
bands_project_7,bands,project,7,carry,0,41090,0.02670240567668413,4.051161046302906e-06,2.531869989401956e-05,0.00015171520856041364,8.306623862918075e-05,0.00016309506430300092,1.0000000000000003e-05,False,0.0004565937783602321,0.0004600000000000021,0.46626399959394627,0.4662612443889577,2.7552049885470886e-06,0.4662642902186592,4.516540299999178,1.7102153833582816,128,768,"{""dominance"": 0.509160350874183, ""entropy"": 1.4419235233846104, ""reason"": ""descriptive only""}",4.999999530224536e-06,0.0,0,4080,2.087441258696865e-05
bands_project_7,bands,project,7,carry,1,41090,0.02670240567668413,3.817528609351923e-06,2.568422167510768e-05,0.00014296571835418158,0.0002451530134426253,0.00016309506430300092,2.9999999999999997e-05,False,0.00041602245808500596,0.00042000000000000023,2.458103602471023,2.4580762885142198,2.7313956803443062e-05,2.4581042873637675,4.516540299999178,1.7102153833582816,128,768,"{""dominance"": 0.644961888581676, ""entropy"": 1.253856243237165, ""reason"": ""descriptive only""}",4.999999631304176e-06,0.0,0,4080,-0.0001824392868110536
bands_zero_19,bands,zero,19,none,0,39990,0.14669159346527494,0.0,0.0,0.0,0.0,9.00967482518669e-05,0.0,True,0.0,0.0,,,,,2.022259999997914,1.1023095758414005,64,768,"{""dominance"": null, ""entropy"": null, ""reason"": ""centered window energy below 1e-30""}",0.0,0.0,0,0,
bands_zero_19,bands,zero,19,none,1,39990,0.14669159346527494,0.0,0.0,0.0,9.00967482518669e-05,9.00967482518669e-05,1.1021904397380392e-06,False,0.0,0.0,,,,,2.022259999997914,1.1023095758414005,64,768,"{""dominance"": 1.0, ""entropy"": 1.672123250863286e-18, ""reason"": ""descriptive only""}",0.0,0.0,0,0,
bands_zero_19,bands,zero,19,every_step,0,39990,0.14669159346527494,0.0,0.0,0.0,0.0,0.029521730979060152,0.0,True,0.0,0.0,,,,,2.454847899993183,1.3381080313112212,64,768,"{""dominance"": null, ""entropy"": null, ""reason"": ""centered window energy below 1e-30""}",0.0,0.0,0,0,
bands_zero_19,bands,zero,19,every_step,1,39990,0.14669159346527494,0.008816725791184143,0.022948646676222227,0.060103824513101714,0.029521730979060155,0.029521730979060152,0.0,True,0.49327577639015585,0.49327999999999994,,,,,2.454847899993183,1.3381080313112212,64,768,"{""dominance"": 1.0, ""entropy"": 9.458299919733492e-29, ""reason"": ""descriptive only""}",0.0,0.0,0,0,
bands_zero_19,bands,zero,19,pulse100,0,39990,0.14669159346527494,0.0,0.0,0.0,0.0,0.0006764104808293517,0.0,True,0.0,0.0,,,,,1.83456629999273,1.0,64,768,"{""dominance"": null, ""entropy"": null, ""reason"": ""centered window energy below 1e-30""}",0.0,0.0,0,0,
bands_zero_19,bands,zero,19,pulse100,1,39990,0.14669159346527494,8.671884443488022e-05,0.00039674040095667945,0.0005911643768148748,0.0006764104808293517,0.0006764104808293517,0.0,True,0.009194097645664326,0.009200000000000014,,,,,1.83456629999273,1.0,64,768,"{""dominance"": 0.6229443024824015, ""entropy"": 0.9719875144276825, ""reason"": ""descriptive only""}",0.0,0.0,0,0,
bands_zero_19,bands,zero,19,carry,0,39990,0.14669159346527494,0.0,0.0,0.0,0.0,8.544003745317532e-05,0.0,True,0.0,0.0,,,,,3.123407299994142,1.7025317100867488,128,768,"{""dominance"": null, ""entropy"": null, ""reason"": ""centered window energy below 1e-30""}",0.0,0.0,0,3992,
bands_zero_19,bands,zero,19,carry,1,39990,0.14669159346527494,4.0467259273992e-06,2.5536187748710507e-05,2.758662464428916e-05,8.544003745317532e-05,8.544003745317532e-05,3.0000000000000004e-05,False,0.00020434333548380312,0.00020000000000000573,,,,,3.123407299994142,1.7025317100867488,128,768,"{""dominance"": 0.730037535092595, ""entropy"": 1.0304114601916294, ""reason"": ""descriptive only""}",4.999994714060026e-06,0.0,0,3992,
bands_zero_7,bands,zero,7,none,0,39990,0.14643535527224713,0.0,0.0,0.0,0.0,0.0001824334946641742,0.0,True,0.0,0.0,,,,,3.713193499992485,1.1858467732643698,64,768,"{""dominance"": null, ""entropy"": null, ""reason"": ""centered window energy below 1e-30""}",0.0,0.0,0,0,
bands_zero_7,bands,zero,7,none,1,39990,0.14643535527224713,0.0,0.0,0.0,0.00018243349466417423,0.0001824334946641742,2.231783682745569e-06,False,0.0,0.0,,,,,3.713193499992485,1.1858467732643698,64,768,"{""dominance"": 1.0, ""entropy"": 2.5651207264394272e-17, ""reason"": ""descriptive only""}",0.0,0.0,0,0,
bands_zero_7,bands,zero,7,every_step,0,39990,0.14643535527224713,0.0,0.0,0.0,0.0,0.05275341695094262,0.0,True,0.0,0.0,,,,,4.783366300005582,1.5276175325133545,64,768,"{""dominance"": null, ""entropy"": null, ""reason"": ""centered window energy below 1e-30""}",0.0,0.0,0,0,
bands_zero_7,bands,zero,7,every_step,1,39990,0.14643535527224713,0.015306408295989673,0.03418576797731393,0.10452672626451837,0.05275341695094262,0.05275341695094262,0.0,True,0.9042620933335295,0.90426,,,,,4.783366300005582,1.5276175325133545,64,768,"{""dominance"": 1.0, ""entropy"": 1.0124902209342163e-28, ""reason"": ""descriptive only""}",0.0,0.0,0,0,
bands_zero_7,bands,zero,7,pulse100,0,39990,0.14643535527224713,0.0,0.0,0.0,0.0,0.0006764104808293517,0.0,True,0.0,0.0,,,,,3.131259100002353,1.0,64,768,"{""dominance"": null, ""entropy"": null, ""reason"": ""centered window energy below 1e-30""}",0.0,0.0,0,0,
bands_zero_7,bands,zero,7,pulse100,1,39990,0.14643535527224713,5.718195085302978e-05,0.00033321409833914593,0.0003904927928553814,0.0006764104808293517,0.0006764104808293517,0.0,True,0.009040697199236586,0.009040000000000006,,,,,3.131259100002353,1.0,64,768,"{""dominance"": 0.6229443024824015, ""entropy"": 0.9719875144276825, ""reason"": ""descriptive only""}",0.0,0.0,0,0,
bands_zero_7,bands,zero,7,carry,0,39990,0.14643535527224713,0.0,0.0,0.0,0.0,0.00017492855684535902,0.0,True,0.0,0.0,,,,,5.1034596000099555,1.629842640618951,128,768,"{""dominance"": null, ""entropy"": null, ""reason"": ""centered window energy below 1e-30""}",0.0,0.0,0,3992,
bands_zero_7,bands,zero,7,carry,1,39990,0.14643535527224713,3.897931127873572e-06,2.5550484115509668e-05,2.6618784245284783e-05,0.00017492855684535902,0.00017492855684535902,1.9999999999999998e-05,False,0.0002382963576729319,0.0002400000000000041,,,,,5.1034596000099555,1.629842640618951,128,768,"{""dominance"": 0.5441399199752915, ""entropy"": 1.4929867482474473, ""reason"": ""descriptive only""}",4.9999960166587955e-06,0.0,0,3992,
default_driven_19,default,driven,19,none,0,44087,0.052235064395643294,0.0,0.0,0.0,4.509892971890301e-34,2.1726197334279494e-37,8.533966194427599e-34,False,0.0,0.0,0.02684561724548875,0.02684561724548875,0.0,0.02684561188318637,1.9269806999946013,1.0255608841746555,64,768,"{""dominance"": null, ""entropy"": null, ""reason"": ""centered window energy below 1e-30""}",0.0,0.0,0,0,-2.8855277254165312e-06
default_driven_19,default,driven,19,none,1,44087,0.052235064395643294,0.0,0.0,0.0,4.511231294700279e-34,2.1726197334279494e-37,8.542278016658385e-34,False,0.0,0.0,0.02681382595868578,0.02681382595868578,0.0,0.026813821554233567,1.9269806999946013,1.0255608841746555,64,768,"{""dominance"": null, ""entropy"": null, ""reason"": ""centered window energy below 1e-30""}",0.0,0.0,0,0,-2.1159600744023732e-06
default_driven_19,default,driven,19,every_step,0,44087,0.052235064395643294,0.00046980705957503223,0.0010179383146372957,0.008994093622946061,0.0014252368224263643,8.366600265340754e-05,0.0,True,0.023182901789339752,0.023179999999999992,0.026888327592879954,0.02684561724548875,4.271034739120397e-05,0.02688833717179668,2.793025699997088,1.486479810835456,64,768,"{""dominance"": null, ""entropy"": null, ""reason"": ""centered window energy below 1e-30""}",0.0,0.0,0,0,3.9824819665787436e-05
default_driven_19,default,driven,19,every_step,1,44087,0.052235064395643294,0.0004803527638927777,0.001088026280867591,0.009195982994381872,0.0014589379698945395,8.366600265340754e-05,0.0,True,0.02321582806626231,0.023219999999999998,0.026829573108844054,0.02681382595868578,1.5747150158274686e-05,0.026829575030475054,2.793025699997088,1.486479810835456,64,768,"{""dominance"": null, ""entropy"": null, ""reason"": ""centered window energy below 1e-30""}",0.0,0.0,0,0,1.3631190083872313e-05
default_driven_19,default,driven,19,pulse100,0,44087,0.052235064395643294,3.761028557235956e-06,2.2326969133547314e-05,7.200198948256006e-05,8.597267962826159e-06,0.0,0.0,True,0.0003047070152602388,0.00030000000000000165,0.026848502773214166,0.02684561724548875,2.8855277254165312e-06,0.026848477805686347,1.8789529999921797,1.0,64,768,"{""dominance"": 0.9874877178019879, ""entropy"": 0.0675110915030964, ""reason"": ""descriptive only""}",0.0,0.0,0,0,0.0
default_driven_19,default,driven,19,pulse100,1,44087,0.052235064395643294,3.636060971992946e-06,2.3164304942003937e-05,6.960958149591589e-05,8.597267962826159e-06,0.0,0.0,True,0.00024312021529509717,0.0002500000000000002,0.026815941918760182,0.02681382595868578,2.1159600744023732e-06,0.026815951460682892,1.8789529999921797,1.0,64,768,"{""dominance"": 0.9874877178019879, ""entropy"": 0.0675110915030964, ""reason"": ""descriptive only""}",0.0,0.0,0,0,0.0
default_driven_19,default,driven,19,carry,0,44087,0.052235064395643294,1.3656695280220213e-06,1.0176532664338058e-05,2.614468927764787e-05,0.0,0.0,0.0,True,0.0002845362634082971,0.00029000000000001247,0.02684576138951169,0.02684561724548875,1.4414402293994044e-07,0.026845771477550198,3.0906291999999667,1.6448677534844298,128,768,"{""dominance"": null, ""entropy"": null, ""reason"": ""centered window energy below 1e-30""}",4.999958346908963e-06,0.0,0,4320,-2.741383702476591e-06
default_driven_19,default,driven,19,carry,1,44087,0.052235064395643294,1.3664464923664426e-06,1.0288769805395624e-05,2.6159563660467356e-05,0.0,0.0,0.0,True,0.00028709251987003165,0.0002899999999999986,0.02681424506234521,0.02681382595868578,4.191036594297648e-07,0.02681423232028813,3.0906291999999667,1.6448677534844298,128,768,"{""dominance"": null, ""entropy"": null, ""reason"": ""centered window energy below 1e-30""}",4.99998603207961e-06,0.0,0,4320,-1.6968564149726084e-06
default_driven_7,default,driven,7,none,0,44087,0.05231045433236424,0.0,0.0,0.0,4.452504210802882e-34,1.8775444492594006e-37,7.924903799153392e-34,False,0.0,0.0,0.026672607318953774,0.026672607318953774,0.0,0.02667259979346432,1.5119787999865366,0.9324005661262895,64,768,"{""dominance"": null, ""entropy"": null, ""reason"": ""centered window energy below 1e-30""}",0.0,0.0,0,0,-1.1790697289661145e-06
default_driven_7,default,driven,7,none,1,44087,0.05231045433236424,0.0,0.0,0.0,4.4507930794042455e-34,1.8775444492594006e-37,7.919202327171061e-34,False,0.0,0.0,0.026683608821298204,0.026683608821298204,0.0,0.026683596662225344,1.5119787999865366,0.9324005661262895,64,768,"{""dominance"": null, ""entropy"": null, ""reason"": ""centered window energy below 1e-30""}",0.0,0.0,0,0,-4.2083955016994357e-07
default_driven_7,default,driven,7,every_step,0,44087,0.05231045433236424,0.0004978610227647091,0.0012132952751636153,0.009517428764840316,0.0015144305860619693,0.0,0.0,True,0.020377817654010616,0.020379999999999995,0.026687366511587676,0.026672607318953774,1.4759192633901491e-05,0.026687367247109788,2.2585748999990756,1.3928082294649353,64,768,"{""dominance"": null, ""entropy"": null, ""reason"": ""centered window energy below 1e-30""}",0.0,0.0,0,0,1.3580122904935377e-05
default_driven_7,default,driven,7,every_step,1,44087,0.05231045433236424,0.0004979006020751556,0.0012132001249998009,0.009518185388175969,0.0015144305860619693,0.0,0.0,True,0.020377159460662854,0.020379999999999995,0.026706469533547255,0.026683608821298204,2.2860712249050952e-05,0.02670647862618614,2.2585748999990756,1.3928082294649353,64,768,"{""dominance"": null, ""entropy"": null, ""reason"": ""centered window energy below 1e-30""}",0.0,0.0,0,0,2.2439872698881008e-05
default_driven_7,default,driven,7,pulse100,0,44087,0.05231045433236424,2.134534160155646e-06,2.2824681781156986e-05,4.080511605946843e-05,0.0,0.0,0.0,True,0.0003562788620363466,0.0003599999999999992,0.02667378638868274,0.026672607318953774,1.1790697289661145e-06,0.026673779021034995,1.6215978999971412,1.0,64,768,"{""dominance"": null, ""entropy"": null, ""reason"": ""centered window energy below 1e-30""}",0.0,0.0,0,0,0.0
default_driven_7,default,driven,7,pulse100,1,44087,0.05231045433236424,2.0918837444766086e-06,2.589893508967209e-05,3.998978351794528e-05,0.0,0.0,0.0,True,0.00023864495741123676,0.0002400000000000041,0.026684029660848374,0.026683608821298204,4.2083955016994357e-07,0.026684020692540597,1.6215978999971412,1.0,64,768,"{""dominance"": null, ""entropy"": null, ""reason"": ""centered window energy below 1e-30""}",0.0,0.0,0,0,0.0
default_driven_7,default,driven,7,carry,0,44087,0.05231045433236424,1.3698688391340537e-06,1.0907284631264385e-05,2.6187286205360334e-05,0.0,0.0,0.0,True,0.0003142394732818174,0.00032000000000000084,0.02667292003808544,0.026672607318953774,3.127191316662503e-07,0.026672924306289682,2.710870499999146,1.6717279295958172,128,768,"{""dominance"": null, ""entropy"": null, ""reason"": ""centered window energy below 1e-30""}",4.999996520592065e-06,0.0,0,4320,-8.663505972998642e-07
default_driven_7,default,driven,7,carry,1,44087,0.05231045433236424,1.3675453640032391e-06,1.0850806747296404e-05,2.614286917323035e-05,0.0,0.0,0.0,True,0.00031615227188837997,0.00032000000000000084,0.026682932809337156,0.026683608821298204,-6.760119610482729e-07,0.026682910637650895,2.710870499999146,1.6717279295958172,128,768,"{""dominance"": null, ""entropy"": null, ""reason"": ""centered window energy below 1e-30""}",4.999944136703682e-06,0.0,0,4320,-1.0968515112182164e-06
default_impulse_19,default,impulse,19,none,0,39991,0.052235064395643294,0.0,0.0,0.0,1.1790829340350233e-35,1.1642763575482313e-33,3.388063007051361e-35,False,0.0,0.0,,,,,1.7939539000071818,0.8470077690213823,64,768,"{""dominance"": null, ""entropy"": null, ""reason"": ""centered window energy below 1e-30""}",0.0,0.0,0,0,
default_impulse_19,default,impulse,19,none,1,39991,0.052235064395643294,0.0,0.0,0.0,1.1549983612378967e-33,1.1642763575482313e-33,1.1262398280684614e-33,False,0.0,0.0,,,,,1.7939539000071818,0.8470077690213823,64,768,"{""dominance"": null, ""entropy"": null, ""reason"": ""centered window energy below 1e-30""}",0.0,0.0,0,0,
default_impulse_19,default,impulse,19,every_step,0,39991,0.052235064395643294,0.0007833311059053801,0.0028248653855014664,0.01499626955510587,0.0022113344387495984,0.0023425200105868893,0.0,True,0.008217954907181965,0.008220000000000002,,,,,3.282731599989347,1.5499278820887419,64,768,"{""dominance"": 1.0, ""entropy"": 7.655081170695726e-28, ""reason"": ""descriptive only""}",0.0,0.0,0,0,
default_impulse_19,default,impulse,19,every_step,1,39991,0.052235064395643294,0.0006403855157997796,0.0019769516014783092,0.012259686538324464,0.0018362461708605414,0.0023425200105868893,0.0,True,0.034945965201351376,0.03494,,,,,3.282731599989347,1.5499278820887419,64,768,"{""dominance"": 1.0, ""entropy"": 4.860012487362024e-28, ""reason"": ""descriptive only""}",0.0,0.0,0,0,
default_impulse_19,default,impulse,19,pulse100,0,39991,0.052235064395643294,1.0262987651758005e-06,1.5004744053704351e-05,1.9647697902740593e-05,0.0,2.39625109073713e-05,0.0,True,0.000227007772422759,0.00023000000000000104,,,,,2.117989899998065,1.0,64,768,"{""dominance"": null, ""entropy"": null, ""reason"": ""centered window energy below 1e-30""}",0.0,0.0,0,0,
default_impulse_19,default,impulse,19,pulse100,1,39991,0.052235064395643294,8.170835669826635e-06,2.9181527475287817e-05,0.0001564243437691278,2.39625109073713e-05,2.39625109073713e-05,0.0,True,0.00026369967815293577,0.0002699999999999994,,,,,2.117989899998065,1.0,64,768,"{""dominance"": 0.99376066810142, ""entropy"": 0.03835703312084875, ""reason"": ""descriptive only""}",0.0,0.0,0,0,
default_impulse_19,default,impulse,19,carry,0,39991,0.052235064395643294,9.710424862103192e-07,1.1095843352645793e-05,1.8589859081159852e-05,0.0,0.0,0.0,True,0.0003280413725655698,0.0003300000000000039,,,,,3.804658000008203,1.7963532309628478,128,768,"{""dominance"": null, ""entropy"": null, ""reason"": ""centered window energy below 1e-30""}",4.999957812053139e-06,0.0,0,3992,
default_impulse_19,default,impulse,19,carry,1,39991,0.052235064395643294,1.190724947560351e-06,1.1263986249896435e-05,2.279551028292911e-05,0.0,0.0,0.0,True,0.0003045743838477957,0.0003100000000000047,,,,,3.804658000008203,1.7963532309628478,128,768,"{""dominance"": null, ""entropy"": null, ""reason"": ""centered window energy below 1e-30""}",4.999992109431654e-06,0.0,0,3992,
default_impulse_7,default,impulse,7,none,0,39991,0.05231045433236424,0.0,0.0,0.0,1.1790829340350233e-35,1.0895032945159299e-33,3.388063007051361e-35,False,0.0,0.0,,,,,1.4831391000043368,1.0045774089109978,64,768,"{""dominance"": null, ""entropy"": null, ""reason"": ""centered window energy below 1e-30""}",0.0,0.0,0,0,
default_impulse_7,default,impulse,7,none,1,39991,0.05231045433236424,0.0,0.0,0.0,1.0978175693047672e-33,1.0895032945159299e-33,1.1290566222345065e-33,False,0.0,0.0,,,,,1.4831391000043368,1.0045774089109978,64,768,"{""dominance"": null, ""entropy"": null, ""reason"": ""centered window energy below 1e-30""}",0.0,0.0,0,0,
default_impulse_7,default,impulse,7,every_step,0,39991,0.05231045433236424,0.0007833311059053801,0.0028248653855014664,0.014974656899906463,0.0022113344387495984,0.004470257263290336,0.0,True,0.007864784318013015,0.00786,,,,,2.1927549000101862,1.4852228195067378,64,768,"{""dominance"": 1.0, ""entropy"": 7.655081170695726e-28, ""reason"": ""descriptive only""}",0.0,0.0,0,0,
default_impulse_7,default,impulse,7,every_step,1,39991,0.05231045433236424,0.0008899405686927391,0.002702114771460686,0.017012671368486606,0.0025791859180757017,0.004470257263290336,0.0,True,0.02404163997776606,0.02404,,,,,2.1927549000101862,1.4852228195067378,64,768,"{""dominance"": null, ""entropy"": null, ""reason"": ""centered window energy below 1e-30""}",0.0,0.0,0,0,
default_impulse_7,default,impulse,7,pulse100,0,39991,0.05231045433236424,1.0262987651758005e-06,1.5004744053704351e-05,1.9619381599231e-05,0.0,8.523667530745123e-06,0.0,True,0.00021790523848763677,0.00021000000000000185,,,,,1.4763811000011628,1.0,64,768,"{""dominance"": null, ""entropy"": null, ""reason"": ""centered window energy below 1e-30""}",0.0,0.0,0,0,
default_impulse_7,default,impulse,7,pulse100,1,39991,0.05231045433236424,3.5121285878545913e-06,2.5572325316506967e-05,6.714008954194178e-05,8.523667530745123e-06,8.523667530745123e-06,0.0,True,0.0002670562248932862,0.00027000000000000635,,,,,1.4763811000011628,1.0,64,768,"{""dominance"": 0.9875324942197607, ""entropy"": 0.06731314463052482, ""reason"": ""descriptive only""}",0.0,0.0,0,0,
default_impulse_7,default,impulse,7,carry,0,39991,0.05231045433236424,9.710424862103192e-07,1.1095843352645793e-05,1.8563067337183106e-05,0.0,0.0,0.0,True,0.0003120988449649975,0.0003100000000000047,,,,,2.5992646999948192,1.7605648704069512,128,768,"{""dominance"": null, ""entropy"": null, ""reason"": ""centered window energy below 1e-30""}",4.999957812053139e-06,0.0,0,3992,
default_impulse_7,default,impulse,7,carry,1,39991,0.05231045433236424,1.1724878960110656e-06,1.060159016357431e-05,2.241402623960107e-05,0.0,0.0,0.0,True,0.0002942665818377113,0.00030000000000000165,,,,,2.5992646999948192,1.7605648704069512,128,768,"{""dominance"": null, ""entropy"": null, ""reason"": ""centered window energy below 1e-30""}",4.999992610955057e-06,0.0,0,3992,
default_project_19,default,project,19,none,0,41090,0.006102130243053353,0.0,0.0,0.0,4.509606523740329e-33,5.313783747531375e-35,4.3687361996884745e-33,False,0.0,0.0,4.797085671169345,4.797085671169345,0.0,4.797086838631615,1.6714420000062091,0.957279237253429,64,768,"{""dominance"": null, ""entropy"": null, ""reason"": ""centered window energy below 1e-30""}",0.0,0.0,0,0,0.0009409155541701963
default_project_19,default,project,19,none,1,41090,0.006102130243053353,0.0,0.0,0.0,4.562342774925449e-33,5.313783747531375e-35,4.420959219077437e-33,False,0.0,0.0,7.265930643808667,7.265930643808667,0.0,7.265930652525826,1.6714420000062091,0.957279237253429,64,768,"{""dominance"": null, ""entropy"": null, ""reason"": ""centered window energy below 1e-30""}",0.0,0.0,0,0,-0.0003873437721999551
default_project_19,default,project,19,every_step,0,41090,0.006102130243053353,0.0009412790339973758,0.0027919641058870653,0.1542541696924488,0.0028084871372324282,0.00013228756555322939,0.0,True,0.09882901251466614,0.09883,4.797245183836609,4.797085671169345,0.00015951266726421665,4.797244626817558,2.4991416999982903,1.4313248442684303,64,768,"{""dominance"": null, ""entropy"": null, ""reason"": ""centered window energy below 1e-30""}",0.0,0.0,0,0,0.001100428221434413
default_project_19,default,project,19,every_step,1,41090,0.006102130243053353,0.0009049603510250089,0.002697572202746056,0.14830236572797065,0.0026992776811584247,0.00013228756555322939,0.0,True,0.09534895722244596,0.09535000000000002,7.2437897908113325,7.265930643808667,-0.02214085299733437,7.243790173521782,2.4991416999982903,1.4313248442684303,64,768,"{""dominance"": 1.0, ""entropy"": 2.6832969053353318e-28, ""reason"": ""descriptive only""}",0.0,0.0,0,0,-0.022528196769534325
default_project_19,default,project,19,pulse100,0,41090,0.006102130243053353,3.811543332926783e-06,2.6195195664032844e-05,0.0006246250376687441,8.542147478205101e-06,3.0996211255598666e-05,0.0,True,0.001037466309312396,0.001040000000000041,4.796144755615175,4.797085671169345,-0.0009409155541701963,4.7961449329805435,1.746033899995382,1.0,64,768,"{""dominance"": 0.9875253927679049, ""entropy"": 0.06734473630282557, ""reason"": ""descriptive only""}",0.0,0.0,0,0,0.0
default_project_19,default,project,19,pulse100,1,41090,0.006102130243053353,8.0814768240368e-06,2.6191578891943124e-05,0.0013243697695959095,2.396656157763193e-05,3.0996211255598666e-05,0.0,True,0.0010415807398347354,0.0010500000000002174,7.266317987580867,7.265930643808667,0.0003873437721999551,7.26631778995753,1.746033899995382,1.0,64,768,"{""dominance"": 0.9937595202429683, ""entropy"": 0.03836367430623375, ""reason"": ""descriptive only""}",0.0,0.0,0,0,0.0
default_project_19,default,project,19,carry,0,41090,0.006102130243053353,1.3233815165564316e-06,1.0366512640101581e-05,0.0002168720535034409,0.0,0.0,0.0,True,0.00043924627004679473,0.00043999999999999595,4.797074914812416,4.797085671169345,-1.0756356928709465e-05,4.7970751024042215,2.7837708000006387,1.5943394913512283,128,768,"{""dominance"": null, ""entropy"": null, ""reason"": ""centered window energy below 1e-30""}",4.9999686720357095e-06,0.0,0,4080,0.0009301591972414869
default_project_19,default,project,19,carry,1,41090,0.006102130243053353,1.332259492500694e-06,1.123514977192404e-05,0.00021832695131627749,0.0,0.0,0.0,True,0.0005110639702536057,0.0005099999999999827,7.265948268948198,7.265930643808667,1.7625139530963452e-05,7.265948062864669,2.7837708000006387,1.5943394913512283,128,768,"{""dominance"": null, ""entropy"": null, ""reason"": ""centered window energy below 1e-30""}",4.999991064446555e-06,0.0,0,4080,-0.00036971863266899163
default_project_7,default,project,7,none,0,41090,0.006102130243053353,0.0,0.0,0.0,4.509606523740329e-33,4.2697722013024636e-35,4.3687361996884745e-33,False,0.0,0.0,4.797085671169345,4.797085671169345,0.0,4.797086838631615,1.4653792000026442,0.9715621434675306,64,768,"{""dominance"": null, ""entropy"": null, ""reason"": ""centered window energy below 1e-30""}",0.0,0.0,0,0,0.0009409155541701963
default_project_7,default,project,7,none,1,41090,0.006102130243053353,0.0,0.0,0.0,4.477555586286448e-33,4.2697722013024636e-35,4.332720521026442e-33,False,0.0,0.0,5.224848708986814,5.224848708986814,0.0,5.224849020638091,1.4653792000026442,0.9715621434675306,64,768,"{""dominance"": null, ""entropy"": null, ""reason"": ""centered window energy below 1e-30""}",0.0,0.0,0,0,0.001209729149797667
default_project_7,default,project,7,every_step,0,41090,0.006102130243053353,0.0009412790339973758,0.0027919641058870653,0.1542541696924488,0.0028084871372324282,3.162277660168382e-05,0.0,True,0.09882901251466614,0.09883,4.797245183836609,4.797085671169345,0.00015951266726421665,4.797244626817558,2.0965009999927133,1.3900026732541764,64,768,"{""dominance"": null, ""entropy"": null, ""reason"": ""centered window energy below 1e-30""}",0.0,0.0,0,0,0.001100428221434413
default_project_7,default,project,7,every_step,1,41090,0.006102130243053353,0.0009476243996895952,0.002808021771765532,0.15529403043607073,0.0028278613827413816,3.162277660168382e-05,0.0,True,0.09914306482922433,0.09913999999999999,5.2259871832915925,5.224848708986814,0.0011384743047786472,5.225988047870887,2.0965009999927133,1.3900026732541764,64,768,"{""dominance"": null, ""entropy"": null, ""reason"": ""centered window energy below 1e-30""}",0.0,0.0,0,0,0.002348203454576314
default_project_7,default,project,7,pulse100,0,41090,0.006102130243053353,3.811543332926783e-06,2.6195195664032844e-05,0.0006246250376687441,8.542147478205101e-06,0.0,0.0,True,0.001037466309312396,0.001040000000000041,4.796144755615175,4.797085671169345,-0.0009409155541701963,4.7961449329805435,1.5082712000003085,1.0,64,768,"{""dominance"": 0.9875253927679049, ""entropy"": 0.06734473630282557, ""reason"": ""descriptive only""}",0.0,0.0,0,0,0.0
default_project_7,default,project,7,pulse100,1,41090,0.006102130243053353,3.870926238473456e-06,3.0150944675870137e-05,0.0006343565417798328,8.542147478205101e-06,0.0,0.0,True,0.0012159166241872965,0.0012199999999999989,5.223638979837016,5.224848708986814,-0.001209729149797667,5.22363880265762,1.5082712000003085,1.0,64,768,"{""dominance"": 0.9875253927679049, ""entropy"": 0.06734473630282557, ""reason"": ""descriptive only""}",0.0,0.0,0,0,0.0
default_project_7,default,project,7,carry,0,41090,0.006102130243053353,1.3233815165564316e-06,1.0366512640101581e-05,0.0002168720535034409,0.0,0.0,0.0,True,0.00043924627004679473,0.00043999999999999595,4.797074914812416,4.797085671169345,-1.0756356928709465e-05,4.7970751024042215,2.605857600006857,1.7277115680564106,128,768,"{""dominance"": null, ""entropy"": null, ""reason"": ""centered window energy below 1e-30""}",4.9999686720357095e-06,0.0,0,4080,0.0009301591972414869
default_project_7,default,project,7,carry,1,41090,0.006102130243053353,1.3200937920732667e-06,1.0701624092192401e-05,0.00021633327043061025,0.0,0.0,0.0,True,0.0004877339031831851,0.0004900000000000182,5.224871780719097,5.224848708986814,2.3071732282886614e-05,5.2248714479042135,2.605857600006857,1.7277115680564106,128,768,"{""dominance"": null, ""entropy"": null, ""reason"": ""centered window energy below 1e-30""}",4.9999852341425285e-06,0.0,0,4080,0.0012328008820805536
default_zero_19,default,zero,19,none,0,39990,0.052235064395643294,0.0,0.0,0.0,0.0,1.1652758862119417e-33,0.0,True,0.0,0.0,,,,,2.112864000009722,1.15394496535561,64,768,"{""dominance"": null, ""entropy"": null, ""reason"": ""centered window energy below 1e-30""}",0.0,0.0,0,0,
default_zero_19,default,zero,19,none,1,39990,0.052235064395643294,0.0,0.0,0.0,1.1652758862119417e-33,1.1652758862119417e-33,1.1344217886920489e-33,False,0.0,0.0,,,,,2.112864000009722,1.15394496535561,64,768,"{""dominance"": null, ""entropy"": null, ""reason"": ""centered window energy below 1e-30""}",0.0,0.0,0,0,
default_zero_19,default,zero,19,every_step,0,39990,0.052235064395643294,0.0,0.0,0.0,0.0,0.0017747675904185316,0.0,True,0.0,0.0,,,,,3.3378938999958336,1.8229975335722843,64,768,"{""dominance"": null, ""entropy"": null, ""reason"": ""centered window energy below 1e-30""}",0.0,0.0,0,0,
default_zero_19,default,zero,19,every_step,1,39990,0.052235064395643294,0.0006192249128716081,0.0019767141783462987,0.011854583124114134,0.0017747675904185314,0.0017747675904185316,0.0,True,0.0358012436465881,0.0358,,,,,3.3378938999958336,1.8229975335722843,64,768,"{""dominance"": null, ""entropy"": null, ""reason"": ""centered window energy below 1e-30""}",0.0,0.0,0,0,
default_zero_19,default,zero,19,pulse100,0,39990,0.052235064395643294,0.0,0.0,0.0,0.0,2.396656157763193e-05,0.0,True,0.0,0.0,,,,,1.8309920000028796,1.0,64,768,"{""dominance"": null, ""entropy"": null, ""reason"": ""centered window energy below 1e-30""}",0.0,0.0,0,0,
default_zero_19,default,zero,19,pulse100,1,39990,0.052235064395643294,8.159991091254075e-06,2.5871375724188354e-05,0.00015621673268071372,2.396656157763193e-05,2.396656157763193e-05,0.0,True,0.0002638719965566069,0.0002699999999999994,,,,,1.8309920000028796,1.0,64,768,"{""dominance"": 0.9937595202429683, ""entropy"": 0.03836367430623375, ""reason"": ""descriptive only""}",0.0,0.0,0,0,
default_zero_19,default,zero,19,carry,0,39990,0.052235064395643294,0.0,0.0,0.0,0.0,0.0,0.0,True,0.0,0.0,,,,,3.4613738999905763,1.8904363863878884,128,768,"{""dominance"": null, ""entropy"": null, ""reason"": ""centered window energy below 1e-30""}",0.0,0.0,0,3992,
default_zero_19,default,zero,19,carry,1,39990,0.052235064395643294,1.1954988850768857e-06,1.1368396313931732e-05,2.288690363281331e-05,0.0,0.0,0.0,True,0.000306942571832447,0.0003100000000000047,,,,,3.4613738999905763,1.8904363863878884,128,768,"{""dominance"": null, ""entropy"": null, ""reason"": ""centered window energy below 1e-30""}",4.99999971338631e-06,0.0,0,3992,
default_zero_7,default,zero,7,none,0,39990,0.05231045433236424,0.0,0.0,0.0,0.0,1.0913666010335253e-33,0.0,True,0.0,0.0,,,,,2.2080633000005037,1.2620681377176828,64,768,"{""dominance"": null, ""entropy"": null, ""reason"": ""centered window energy below 1e-30""}",0.0,0.0,0,0,
default_zero_7,default,zero,7,none,1,39990,0.05231045433236424,0.0,0.0,0.0,1.0913666010335253e-33,1.0913666010335253e-33,1.1278990792672604e-33,False,0.0,0.0,,,,,2.2080633000005037,1.2620681377176828,64,768,"{""dominance"": null, ""entropy"": null, ""reason"": ""centered window energy below 1e-30""}",0.0,0.0,0,0,
default_zero_7,default,zero,7,every_step,0,39990,0.05231045433236424,0.0,0.0,0.0,0.0,0.0024004374601309655,0.0,True,0.0,0.0,,,,,2.5093391999980668,1.4342691403107954,64,768,"{""dominance"": null, ""entropy"": null, ""reason"": ""centered window energy below 1e-30""}",0.0,0.0,0,0,
default_zero_7,default,zero,7,every_step,1,39990,0.05231045433236424,0.0008295017289994513,0.002520919094332559,0.01585728397098326,0.0024004374601309655,0.0024004374601309655,0.0,True,0.024890202512682785,0.024890000000000002,,,,,2.5093391999980668,1.4342691403107954,64,768,"{""dominance"": 1.0, ""entropy"": 4.811297742911935e-28, ""reason"": ""descriptive only""}",0.0,0.0,0,0,
default_zero_7,default,zero,7,pulse100,0,39990,0.05231045433236424,0.0,0.0,0.0,0.0,8.5421474782051e-06,0.0,True,0.0,0.0,,,,,1.749559500007308,1.0,64,768,"{""dominance"": null, ""entropy"": null, ""reason"": ""centered window energy below 1e-30""}",0.0,0.0,0,0,
default_zero_7,default,zero,7,pulse100,1,39990,0.05231045433236424,3.622539636296517e-06,2.532188428267067e-05,6.925077754591912e-05,8.542147478205101e-06,8.5421474782051e-06,0.0,True,0.0002560676319729102,0.0002500000000000002,,,,,1.749559500007308,1.0,64,768,"{""dominance"": 0.9875253927679049, ""entropy"": 0.06734473630282557, ""reason"": ""descriptive only""}",0.0,0.0,0,0,
default_zero_7,default,zero,7,carry,0,39990,0.05231045433236424,0.0,0.0,0.0,0.0,0.0,0.0,True,0.0,0.0,,,,,3.1133032999932766,1.77947837726026,128,768,"{""dominance"": null, ""entropy"": null, ""reason"": ""centered window energy below 1e-30""}",0.0,0.0,0,3992,
default_zero_7,default,zero,7,carry,1,39990,0.05231045433236424,1.1711004732391494e-06,1.0549164513171918e-05,2.2387503381223644e-05,0.0,0.0,0.0,True,0.00028079627944256613,0.00028000000000000247,,,,,3.1133032999932766,1.77947837726026,128,768,"{""dominance"": null, ""entropy"": null, ""reason"": ""centered window energy below 1e-30""}",4.999998253245817e-06,0.0,0,3992,
slow_driven_19,slow,driven,19,none,0,44087,0.0029138316598975337,0.0,0.0,0.0,0.00019556660497454845,0.0034362237404243737,1.6713501766957777e-06,False,0.0,0.0,0.09849883996223464,0.09849883996223464,0.0,0.09849880291609492,1.9937954000051832,1.1919071838260298,64,768,"{""dominance"": 0.9979814680310163, ""entropy"": 0.014542693324705527, ""reason"": ""descriptive only""}",0.0,0.0,0,0,-0.00039199644757305363
slow_driven_19,slow,driven,19,none,1,44087,0.0029138316598975337,0.0,0.0,0.0,0.0032428890195348374,0.0034362237404243737,3.002038467520441e-05,False,0.0,0.0,47.24164325962495,47.24164325962495,0.0,47.24164265711771,1.9937954000051832,1.1919071838260298,64,768,"{""dominance"": 0.9980917705544784, ""entropy"": 0.013857643438195729, ""reason"": ""descriptive only""}",0.0,0.0,0,0,-0.011340208629469828
slow_driven_19,slow,driven,19,every_step,0,44087,0.0029138316598975337,0.0017702906290675633,0.0041467083132369804,0.6075473245183342,0.005504107557088615,0.027423504517110862,0.0,True,0.6575074248148541,0.6575099999999999,0.10404073648184607,0.09849883996223464,0.005541896519611428,0.10404074112259686,2.7733096000010846,1.6579071429327166,64,768,"{""dominance"": 1.0, ""entropy"": 4.536774779279462e-28, ""reason"": ""descriptive only""}",0.0,0.0,0,0,0.005149900072038374
slow_driven_19,slow,driven,19,every_step,1,44087,0.0029138316598975337,0.008403681665547653,0.029647946108268618,2.8840656037909795,0.03027702098952273,0.027423504517110862,0.0,True,3.529538515232802,3.52954,46.69939848730567,47.24164325962495,-0.5422447723192789,46.69939891823753,2.7733096000010846,1.6579071429327166,64,768,"{""dominance"": 1.0, ""entropy"": 3.7332470669530203e-28, ""reason"": ""descriptive only""}",0.0,0.0,0,0,-0.5535849809487488
slow_driven_19,slow,driven,19,pulse100,0,44087,0.0029138316598975337,6.900264830241307e-05,0.00026740305073173624,0.023681068900472987,0.0002077168377551557,0.003047745524277876,0.0,True,0.04600574816432329,0.046009999999999995,0.0988908364098077,0.09849883996223464,0.00039199644757305363,0.09889084014285432,1.6727774000028148,1.0,64,768,"{""dominance"": 0.9999485099566202, ""entropy"": 0.0005599164608024073, ""reason"": ""descriptive only""}",0.0,0.0,0,0,0.0
slow_driven_19,slow,driven,19,pulse100,1,44087,0.0029138316598975337,3.543647068319432e-05,0.0001447501440098361,0.012161468066566502,0.003097354834118046,0.003047745524277876,3.000000000000008e-05,False,0.023233498144225484,0.023239999999999927,47.25298346825442,47.24164325962495,0.011340208629469828,47.252982932306914,1.6727774000028148,1.0,64,768,"{""dominance"": 0.9930797554499634, ""entropy"": 0.046112933323829076, ""reason"": ""descriptive only""}",0.0,0.0,0,0,0.0
slow_driven_19,slow,driven,19,carry,0,44087,0.0029138316598975337,3.205224315654856e-06,1.1990011891464584e-05,0.0011000032568002124,0.0001977371993328519,0.003435753192532898,1.0000000000000013e-05,False,0.0034087002778269773,0.0034100000000000033,0.09850282689299814,0.09849883996223464,3.986930763491547e-06,0.09850281275250908,3.2300315000029514,1.9309392271784136,128,768,"{""dominance"": 0.5583441508645821, ""entropy"": 1.2883322803401682, ""reason"": ""descriptive only""}",4.999999568152167e-06,0.0,0,4320,-0.0003880095168095621
slow_driven_19,slow,driven,19,carry,1,44087,0.0029138316598975337,2.889627383217017e-06,6.590232499359503e-06,0.0009916933167369842,0.003241928438445241,0.003435753192532898,3.000000000000008e-05,False,0.002773867372047878,0.00277000000000005,47.24158051266119,47.24164325962495,-6.274696376351585e-05,47.241580206951895,3.2300315000029514,1.9309392271784136,128,768,"{""dominance"": 0.9953124733209835, ""entropy"": 0.037580620089644606, ""reason"": ""descriptive only""}",4.999947984769132e-06,0.0,0,4320,-0.011402955593233344
slow_driven_7,slow,driven,7,none,0,44087,0.0028688945895170214,0.0,0.0,0.0,0.00017340512837400995,0.0033126787928604417,1.466421765782092e-06,False,0.0,0.0,0.09337875712200364,0.09337875712200364,0.0,0.09337876954449956,1.3794882000074722,0.8366154065784659,64,768,"{""dominance"": 0.9981898688672346, ""entropy"": 0.013238717739280792, ""reason"": ""descriptive only""}",0.0,0.0,0,0,0.00019529378080491988
slow_driven_7,slow,driven,7,none,1,44087,0.0028688945895170214,0.0,0.0,0.0,0.0034852375505359597,0.0033126787928604417,3.233908123121093e-05,False,0.0,0.0,74.22735019436965,74.22735019436965,0.0,74.22735037787464,1.3794882000074722,0.8366154065784659,64,768,"{""dominance"": 0.9977807527326883, ""entropy"": 0.015778405267735777, ""reason"": ""descriptive only""}",0.0,0.0,0,0,-0.013314302889966712
slow_driven_7,slow,driven,7,every_step,0,44087,0.0028688945895170214,0.0015102801552764726,0.0036572258613313787,0.5264327803451044,0.004694805640279478,0.05977266515724391,0.0,True,0.5949806366918834,0.59498,0.0921809037093227,0.09337875712200364,-0.0011978534126809298,0.09218089693394656,2.3784486999938963,1.4424529518705844,64,768,"{""dominance"": 1.0, ""entropy"": 1.061565826975088e-27, ""reason"": ""descriptive only""}",0.0,0.0,0,0,-0.00100255963187601
slow_driven_7,slow,driven,7,every_step,1,44087,0.0028688945895170214,0.0190302833435731,0.06224962081963026,6.6333156377058975,0.0627423437560313,0.05977266515724391,0.0,True,7.104763691636174,7.104760000000001,74.27291033333691,74.22735019436965,0.045560138967260855,74.27291009123594,2.3784486999938963,1.4424529518705844,64,768,"{""dominance"": 1.0, ""entropy"": 3.1422034413878206e-28, ""reason"": ""descriptive only""}",0.0,0.0,0,0,0.03224583607729414
slow_driven_7,slow,driven,7,pulse100,0,44087,0.0028688945895170214,9.560243677080405e-05,0.0005161416216106008,0.03332378858398514,0.00039560141297347154,0.003907246244241856,0.0,True,0.05766996987318608,0.05767,0.09318346334119872,0.09337875712200364,-0.00019529378080491988,0.09318349428590651,1.648891700009699,1.0,64,768,"{""dominance"": 0.9999471576815362, ""entropy"": 0.0005732477953380593, ""reason"": ""descriptive only""}",0.0,0.0,0,0,0.0
slow_driven_7,slow,driven,7,pulse100,1,44087,0.0028688945895170214,2.8041762198628493e-05,9.907313895934694e-05,0.009774413567195345,0.003556184678281841,0.003907246244241856,3.000000000000008e-05,False,0.01651392912995764,0.016510000000000247,74.24066449725962,74.22735019436965,0.013314302889966712,74.24066419767529,1.648891700009699,1.0,64,768,"{""dominance"": 0.9954896998092282, ""entropy"": 0.03301823572249141, ""reason"": ""descriptive only""}",0.0,0.0,0,0,0.0
slow_driven_7,slow,driven,7,carry,0,44087,0.0028688945895170214,3.1528751732612046e-06,1.1141414512342941e-05,0.0010989860641035234,0.00017776388834631177,0.003310392725946576,1e-05,False,0.0031416026630389296,0.0031400000000000004,0.09337741785172839,0.09337875712200364,-1.3392702752496044e-06,0.09337744031190905,2.7500720000098227,1.6678305797728536,128,768,"{""dominance"": 0.6380173804642503, ""entropy"": 1.0080252980848168, ""reason"": ""descriptive only""}",4.999999950520041e-06,0.0,0,4320,0.00019395451052967028
slow_driven_7,slow,driven,7,carry,1,44087,0.0028688945895170214,2.899857163266927e-06,6.652262428059159e-06,0.0010107925100709672,0.0034876496383667898,0.003310392725946576,3.999999999999989e-05,False,0.0027478016519131288,0.002749999999999808,74.22725967360344,74.22735019436965,-9.052076620719163e-05,74.22725966969708,2.7500720000098227,1.6678305797728536,128,768,"{""dominance"": 0.9943087155622823, ""entropy"": 0.043932595986721334, ""reason"": ""descriptive only""}",4.999984907536059e-06,0.0,0,4320,-0.013404823656173903
slow_impulse_19,slow,impulse,19,none,0,39991,0.0029138316598975337,0.0,0.0,0.0,2.8044082762747806e-06,0.002965995396779991,7.521170425334738e-08,False,0.0,0.0,,,,,1.4085806999937631,0.8726148268392316,64,768,"{""dominance"": 0.9998195326579191, ""entropy"": 0.0017369787297898834, ""reason"": ""descriptive only""}",0.0,0.0,0,0,
slow_impulse_19,slow,impulse,19,none,1,39991,0.0029138316598975337,0.0,0.0,0.0,0.002964947532571164,0.002965995396779991,8.842953891665993e-05,False,0.0,0.0,,,,,1.4085806999937631,0.8726148268392316,64,768,"{""dominance"": 0.9998198735409175, ""entropy"": 0.0017355249376835745, ""reason"": ""descriptive only""}",0.0,0.0,0,0,
slow_impulse_19,slow,impulse,19,every_step,0,39991,0.0029138316598975337,0.00010458562491976306,0.00020530510087432362,0.0358928164448048,0.0003001666203960727,0.02901893347454382,0.0,True,0.012068990858472274,0.01207,,,,,2.14976809998916,1.3317799387176403,64,768,"{""dominance"": null, ""entropy"": null, ""reason"": ""centered window energy below 1e-30""}",0.0,0.0,0,0,
slow_impulse_19,slow,impulse,19,every_step,1,39991,0.0029138316598975337,0.00783974226878066,0.027592722245711455,2.6905268333368126,0.028922900961003202,0.02901893347454382,0.0,True,3.820121632657348,3.82012,,,,,2.14976809998916,1.3317799387176403,64,768,"{""dominance"": 1.0, ""entropy"": 8.10633158305087e-29, ""reason"": ""descriptive only""}",0.0,0.0,0,0,
slow_impulse_19,slow,impulse,19,pulse100,0,39991,0.0029138316598975337,6.498294845240282e-05,0.00016530452952931996,0.022301545194511333,0.00018189635505973787,0.0028694793750925623,0.0,True,0.015669002217058137,0.01566999999999999,,,,,1.614206699989154,1.0,64,768,"{""dominance"": 0.9999770274308828, ""entropy"": 0.00026835307447308534, ""reason"": ""descriptive only""}",0.0,0.0,0,0,
slow_impulse_19,slow,impulse,19,pulse100,1,39991,0.0029138316598975337,2.4452133369439166e-05,8.379771882464108e-05,0.008391745379792818,0.0028999408811937128,0.0028694793750925623,8.00000000000001e-05,False,0.01754339797443792,0.01755,,,,,1.614206699989154,1.0,64,768,"{""dominance"": 0.9978594470509403, ""entropy"": 0.01627383140394207, ""reason"": ""descriptive only""}",0.0,0.0,0,0,
slow_impulse_19,slow,impulse,19,carry,0,39991,0.0029138316598975337,3.3162484284429534e-06,1.293306615726687e-05,0.0011381057025647017,0.0,0.0029678274882479275,0.0,True,0.0029958632816367223,0.002999999999999999,,,,,2.2925351999874692,1.4202240642433668,128,768,"{""dominance"": null, ""entropy"": null, ""reason"": ""centered window energy below 1e-30""}",4.999999919702605e-06,0.0,0,3992,
slow_impulse_19,slow,impulse,19,carry,1,39991,0.0029138316598975337,2.887322131995798e-06,6.0035343838944245e-06,0.0009909021758989784,0.0029678274882479275,0.0029678274882479275,9.000000000000002e-05,False,0.002905009251927826,0.002909999999999968,,,,,2.2925351999874692,1.4202240642433668,128,768,"{""dominance"": 0.9991450633561171, ""entropy"": 0.008447510913752284, ""reason"": ""descriptive only""}",4.999995701945696e-06,0.0,0,3992,
slow_impulse_7,slow,impulse,7,none,0,39991,0.0028688945895170214,0.0,0.0,0.0,2.8044082762747806e-06,0.003443215910633688,7.521170425334738e-08,False,0.0,0.0,,,,,1.4404541999974754,0.9733276763000629,64,768,"{""dominance"": 0.9998195326579191, ""entropy"": 0.0017369787297898834, ""reason"": ""descriptive only""}",0.0,0.0,0,0,
slow_impulse_7,slow,impulse,7,none,1,39991,0.0028688945895170214,0.0,0.0,0.0,0.0034432117856413886,0.003443215910633688,8.147397752106202e-05,False,0.0,0.0,,,,,1.4404541999974754,0.9733276763000629,64,768,"{""dominance"": 0.9993212218657008, ""entropy"": 0.005631199642750165, ""reason"": ""descriptive only""}",0.0,0.0,0,0,
slow_impulse_7,slow,impulse,7,every_step,0,39991,0.0028688945895170214,0.00010458562491976306,0.00020530510087432362,0.036455025326451625,0.0003001666203960727,0.06430794352177653,0.0,True,0.012422026272881803,0.012419999999999987,,,,,2.2188561000075424,1.4993007426882066,64,768,"{""dominance"": null, ""entropy"": null, ""reason"": ""centered window energy below 1e-30""}",0.0,0.0,0,0,
slow_impulse_7,slow,impulse,7,every_step,1,39991,0.0028688945895170214,0.01920651984351482,0.06549606199108286,6.694745744125871,0.06419454416069952,0.06430794352177653,0.0,True,7.573732909664634,7.57373,,,,,2.2188561000075424,1.4993007426882066,64,768,"{""dominance"": 1.0, ""entropy"": 1.4707358783842477e-28, ""reason"": ""descriptive only""}",0.0,0.0,0,0,
slow_impulse_7,slow,impulse,7,pulse100,0,39991,0.0028688945895170214,6.498294845240282e-05,0.00016530452952931996,0.022650866535790952,0.00018189635505973787,0.0035700511358871478,0.0,True,0.016945665045095856,0.016949999999999993,,,,,1.4799272999953246,1.0,64,768,"{""dominance"": 0.9999770274308828, ""entropy"": 0.00026835307447308534, ""reason"": ""descriptive only""}",0.0,0.0,0,0,
slow_impulse_7,slow,impulse,7,pulse100,1,39991,0.0028688945895170214,2.1096468017853675e-05,9.095239503802057e-05,0.007353518004788481,0.0034814110573843982,0.0035700511358871478,7.999999999999999e-05,False,0.011443109076121116,0.01144999999999996,,,,,1.4799272999953246,1.0,64,768,"{""dominance"": 0.998091889001048, ""entropy"": 0.015166026207859243, ""reason"": ""descriptive only""}",0.0,0.0,0,0,
slow_impulse_7,slow,impulse,7,carry,0,39991,0.0028688945895170214,3.3162484284429534e-06,1.293306615726687e-05,0.0011559324767666853,0.0,0.0034410754132974185,0.0,True,0.0030300040872859556,0.0030299999999999997,,,,,2.3719110999954864,1.6027213634095268,128,768,"{""dominance"": null, ""entropy"": null, ""reason"": ""centered window energy below 1e-30""}",4.999999919702605e-06,0.0,0,3992,
slow_impulse_7,slow,impulse,7,carry,1,39991,0.0028688945895170214,2.892199559929008e-06,5.643464177112166e-06,0.0010081233275342856,0.0034410754132974185,0.0034410754132974185,9.000000000000002e-05,False,0.0028633468599794654,0.0028600000000000847,,,,,2.3719110999954864,1.6027213634095268,128,768,"{""dominance"": 0.9985687987322961, ""entropy"": 0.01291843172420624, ""reason"": ""descriptive only""}",4.9999998354491315e-06,0.0,0,3992,
slow_project_19,slow,project,19,none,0,41090,0.00038063952201055875,0.0,0.0,0.0,0.0009800299200232216,0.0031018284978207764,2.2812755806973198e-05,False,0.0,0.0,0.5655952043498234,0.5655952043498234,0.0,0.5655949827470285,1.7272654000116745,0.8603787475826743,64,768,"{""dominance"": 0.9996037451477394, ""entropy"": 0.0035011278009185313, ""reason"": ""descriptive only""}",0.0,0.0,0,0,-7.830053974600126e-05
slow_project_19,slow,project,19,none,1,41090,0.00038063952201055875,0.0,0.0,0.0,0.0021340674693052543,0.0031018284978207764,5.238525872860479e-05,False,0.0,0.0,0.7327630599339751,0.7327630599339751,0.0,0.7327632502600894,1.7272654000116745,0.8603787475826743,64,768,"{""dominance"": 0.9995426222757244, ""entropy"": 0.003978674056590973, ""reason"": ""descriptive only""}",0.0,0.0,0,0,0.00015112366990766013
slow_project_19,slow,project,19,every_step,0,41090,0.00038063952201055875,0.009297113571365121,0.021171308032580133,24.424982256853568,0.027103872417055096,0.038609496241209885,0.0,True,0.8568757982038148,0.85688,0.5671593372727759,0.5655952043498234,0.0015641329229525436,0.5671594221345998,3.0191138999944087,1.5038693162435117,64,768,"{""dominance"": 1.0, ""entropy"": 1.8034671882033752e-27, ""reason"": ""descriptive only""}",0.0,0.0,0,0,0.0014858323832065423
slow_project_19,slow,project,19,every_step,1,41090,0.00038063952201055875,0.00736265743095183,0.0234480993365985,19.3428611723288,0.02505765551682759,0.038609496241209885,0.0,True,0.31599456327038755,0.31599,0.7334241074258719,0.7327630599339751,0.0006610474918968823,0.733424194351887,3.0191138999944087,1.5038693162435117,64,768,"{""dominance"": 1.0, ""entropy"": 1.0651914931512663e-27, ""reason"": ""descriptive only""}",0.0,0.0,0,0,0.0008121711618045424
slow_project_19,slow,project,19,pulse100,0,41090,0.00038063952201055875,5.820402703430944e-05,0.0002867568516080243,0.15291114996906416,0.0010245046483204807,0.0030194497305344984,3.0000000000000024e-05,False,0.008090390505673211,0.00809,0.5656735048895694,0.5655952043498234,7.830053974600126e-05,0.5656732618495427,2.0075639999995474,1.0,64,768,"{""dominance"": 0.998239472832753, ""entropy"": 0.014912793993286372, ""reason"": ""descriptive only""}",0.0,0.0,0,0,0.0
slow_project_19,slow,project,19,pulse100,1,41090,0.00038063952201055875,2.0357201612730063e-05,0.0001200824142655087,0.05348157623045083,0.002011855760346948,0.0030194497305344984,5.000000000000002e-05,False,0.0014536349581915561,0.0014599999999999995,0.7326119362640674,0.7327630599339751,-0.00015112366990766013,0.7326120351037066,2.0075639999995474,1.0,64,768,"{""dominance"": 0.9992711445157226, ""entropy"": 0.0066422447187041616, ""reason"": ""descriptive only""}",0.0,0.0,0,0,0.0
slow_project_19,slow,project,19,carry,0,41090,0.00038063952201055875,2.8947926477986304e-06,6.465385671120919e-06,0.007605076405382651,0.0009812746812182611,0.0031087778949291313,3.0000000000000024e-05,False,0.0003486905691169051,0.0003500000000000725,0.5655994214895927,0.5655952043498234,4.217139769391309e-06,0.5655995394594269,3.58922990001156,1.787853288867687,128,768,"{""dominance"": 0.9906893297465574, ""entropy"": 0.0704499408551711, ""reason"": ""descriptive only""}",4.999998821033475e-06,0.0,0,4080,-7.408339997660995e-05
slow_project_19,slow,project,19,carry,1,41090,0.00038063952201055875,2.8846201862621817e-06,5.765948203127855e-06,0.007578351746096833,0.00213915871313935,0.0031087778949291313,6.000000000000005e-05,False,0.0003392573763716239,0.00034000000000000696,0.7327612411801763,0.7327630599339751,-1.818753798787931e-06,0.7327612615600541,3.58922990001156,1.787853288867687,128,768,"{""dominance"": 0.9981019648734504, ""entropy"": 0.017013338213729735, ""reason"": ""descriptive only""}",4.999982062443408e-06,0.0,0,4080,0.0001493049161088722
slow_project_7,slow,project,7,none,0,41090,0.00038063952201055875,0.0,0.0,0.0,0.0009800299200232216,0.003448606392103931,2.2812755806973198e-05,False,0.0,0.0,0.5655952043498234,0.5655952043498234,0.0,0.5655949827470285,3.931502899999032,1.9668142180692818,64,768,"{""dominance"": 0.9996037451477394, ""entropy"": 0.0035011278009185313, ""reason"": ""descriptive only""}",0.0,0.0,0,0,-7.830053974600126e-05
slow_project_7,slow,project,7,none,1,41090,0.00038063952201055875,0.0,0.0,0.0,0.004385608920384095,0.003448606392103931,7.877530876968441e-05,False,0.0,0.0,2.1979556602859747,2.1979556602859747,0.0,2.197955795257241,3.931502899999032,1.9668142180692818,64,768,"{""dominance"": 0.9991730023681441, ""entropy"": 0.006696954905720958, ""reason"": ""descriptive only""}",0.0,0.0,0,0,0.0008049985351612499
slow_project_7,slow,project,7,every_step,0,41090,0.00038063952201055875,0.009297113571365121,0.021171308032580133,24.424982256853568,0.027103872417055096,0.04525538421005836,0.0,True,0.8568757982038148,0.85688,0.5671593372727759,0.5655952043498234,0.0015641329229525436,0.5671594221345998,2.787478700003703,1.394492864226022,64,768,"{""dominance"": 1.0, ""entropy"": 1.8034671882033752e-27, ""reason"": ""descriptive only""}",0.0,0.0,0,0,0.0014858323832065423
slow_project_7,slow,project,7,every_step,1,41090,0.00038063952201055875,0.016942464069403508,0.05242291626422068,44.5105226591093,0.05421769360642335,0.04525538421005836,0.0,True,1.1618135157362863,1.16181,2.198181938971617,2.1979556602859747,0.00022627868564217835,2.198181600186105,2.787478700003703,1.394492864226022,64,768,"{""dominance"": 1.0, ""entropy"": 1.488953591529397e-27, ""reason"": ""descriptive only""}",0.0,0.0,0,0,0.0010312772208034282
slow_project_7,slow,project,7,pulse100,0,41090,0.00038063952201055875,5.820402703430944e-05,0.0002867568516080243,0.15291114996906416,0.0010245046483204807,0.0035339366019918597,3.0000000000000024e-05,False,0.008090390505673211,0.00809,0.5656735048895694,0.5655952043498234,7.830053974600126e-05,0.5656732618495427,1.9989192999928491,1.0,64,768,"{""dominance"": 0.998239472832753, ""entropy"": 0.014912793993286372, ""reason"": ""descriptive only""}",0.0,0.0,0,0,0.0
slow_project_7,slow,project,7,pulse100,1,41090,0.00038063952201055875,2.3177805999612008e-05,8.11499321456805e-05,0.0608917483848907,0.004463130895696252,0.0035339366019918597,8.000000000000021e-05,False,0.002236518939709123,0.0022400000000000024,2.1971506617508134,2.1979556602859747,-0.0008049985351612499,2.1971505085154894,1.9989192999928491,1.0,64,768,"{""dominance"": 0.99920468210848, ""entropy"": 0.0072808002009018165, ""reason"": ""descriptive only""}",0.0,0.0,0,0,0.0
slow_project_7,slow,project,7,carry,0,41090,0.00038063952201055875,2.8947926477986304e-06,6.465385671120919e-06,0.007605076405382651,0.0009812746812182611,0.003447781895654074,3.0000000000000024e-05,False,0.0003486905691169051,0.0003500000000000725,0.5655994214895927,0.5655952043498234,4.217139769391309e-06,0.5655995394594269,4.0018409000040265,2.0020022319151867,128,768,"{""dominance"": 0.9906893297465574, ""entropy"": 0.0704499408551711, ""reason"": ""descriptive only""}",4.999998821033475e-06,0.0,0,4080,-7.408339997660995e-05
slow_project_7,slow,project,7,carry,1,41090,0.00038063952201055875,2.89343432858127e-06,5.9948454635353875e-06,0.007601507886774321,0.004387174489349609,0.003447781895654074,8.000000000000021e-05,False,0.0003639455439429784,0.0003599999999999992,2.1979567229348986,2.1979556602859747,1.0626489239662362e-06,2.1979570725480935,4.0018409000040265,2.0020022319151867,128,768,"{""dominance"": 0.9984825968586318, ""entropy"": 0.013386836103465888, ""reason"": ""descriptive only""}",4.999999012651789e-06,0.0,0,4080,0.0008060611840852161
slow_zero_19,slow,zero,19,none,0,39990,0.0029138316598975337,0.0,0.0,0.0,0.0,0.0029660034608841915,0.0,True,0.0,0.0,,,,,1.9332376000093063,1.0941549817889404,64,768,"{""dominance"": null, ""entropy"": null, ""reason"": ""centered window energy below 1e-30""}",0.0,0.0,0,0,
slow_zero_19,slow,zero,19,none,1,39990,0.0029138316598975337,0.0,0.0,0.0,0.0029660034608841915,0.0029660034608841915,8.850715941911898e-05,False,0.0,0.0,,,,,1.9332376000093063,1.0941549817889404,64,768,"{""dominance"": 0.9998200664981822, ""entropy"": 0.00173385846217107, ""reason"": ""descriptive only""}",0.0,0.0,0,0,
slow_zero_19,slow,zero,19,every_step,0,39990,0.0029138316598975337,0.0,0.0,0.0,0.0,0.028984587283589186,0.0,True,0.0,0.0,,,,,2.4466915000084555,1.3847546176538363,64,768,"{""dominance"": null, ""entropy"": null, ""reason"": ""centered window energy below 1e-30""}",0.0,0.0,0,0,
slow_zero_19,slow,zero,19,every_step,1,39990,0.0029138316598975337,0.007847956068789363,0.027649412281723067,2.69334573331712,0.028984587283589186,0.028984587283589186,0.0,True,3.8139290716276752,3.81393,,,,,2.4466915000084555,1.3847546176538363,64,768,"{""dominance"": 1.0, ""entropy"": 2.3566457593134554e-27, ""reason"": ""descriptive only""}",0.0,0.0,0,0,
slow_zero_19,slow,zero,19,pulse100,0,39990,0.0029138316598975337,0.0,0.0,0.0,0.0,0.0028725170527695043,0.0,True,0.0,0.0,,,,,1.7668773000041256,1.0,64,768,"{""dominance"": null, ""entropy"": null, ""reason"": ""centered window energy below 1e-30""}",0.0,0.0,0,0,
slow_zero_19,slow,zero,19,pulse100,1,39990,0.0029138316598975337,2.630270320782588e-05,0.00010432841425259305,0.009026843784362899,0.0028725170527695043,0.0028725170527695043,8.000000000000002e-05,False,0.021477506996406437,0.021480000000000003,,,,,1.7668773000041256,1.0,64,768,"{""dominance"": 0.9979110643929158, ""entropy"": 0.016403189575921788, ""reason"": ""descriptive only""}",0.0,0.0,0,0,
slow_zero_19,slow,zero,19,carry,0,39990,0.0029138316598975337,0.0,0.0,0.0,0.0,0.002964574168409352,0.0,True,0.0,0.0,,,,,3.2989241000032052,1.867092921503662,128,768,"{""dominance"": null, ""entropy"": null, ""reason"": ""centered window energy below 1e-30""}",0.0,0.0,0,3992,
slow_zero_19,slow,zero,19,carry,1,39990,0.0029138316598975337,2.8897388472715766e-06,5.947896057678702e-06,0.000991731570166684,0.002964574168409352,0.002964574168409352,9.000000000000002e-05,False,0.002728734374194186,0.0027300000000001212,,,,,3.2989241000032052,1.867092921503662,128,768,"{""dominance"": 0.9991430768642593, ""entropy"": 0.008464995227379904, ""reason"": ""descriptive only""}",4.9999937338654835e-06,0.0,0,3992,
slow_zero_7,slow,zero,7,none,0,39990,0.0028688945895170214,0.0,0.0,0.0,0.0,0.003443153645639572,0.0,True,0.0,0.0,,,,,0.9651430999947479,0.9749440172148119,64,768,"{""dominance"": null, ""entropy"": null, ""reason"": ""centered window energy below 1e-30""}",0.0,0.0,0,0,
slow_zero_7,slow,zero,7,none,1,39990,0.0028688945895170214,0.0,0.0,0.0,0.0034431536456395718,0.003443153645639572,8.140047068701142e-05,False,0.0,0.0,,,,,0.9651430999947479,0.9749440172148119,64,768,"{""dominance"": 0.9993203552736484, ""entropy"": 0.005637522461517084, ""reason"": ""descriptive only""}",0.0,0.0,0,0,
slow_zero_7,slow,zero,7,every_step,0,39990,0.0028688945895170214,0.0,0.0,0.0,0.0,0.06430414372340246,0.0,True,0.0,0.0,,,,,1.4526278000121238,1.467379068315819,64,768,"{""dominance"": null, ""entropy"": null, ""reason"": ""centered window energy below 1e-30""}",0.0,0.0,0,0,
slow_zero_7,slow,zero,7,every_step,1,39990,0.0028688945895170214,0.01923413986840746,0.06571838978435283,6.704373154276655,0.06430414372340246,0.06430414372340246,0.0,True,7.5971671776246765,7.59717,,,,,1.4526278000121238,1.467379068315819,64,768,"{""dominance"": 1.0, ""entropy"": 3.3361949329724702e-28, ""reason"": ""descriptive only""}",0.0,0.0,0,0,
slow_zero_7,slow,zero,7,pulse100,0,39990,0.0028688945895170214,0.0,0.0,0.0,0.0,0.003473496303542748,0.0,True,0.0,0.0,,,,,0.9899471999960952,1.0,64,768,"{""dominance"": null, ""entropy"": null, ""reason"": ""centered window energy below 1e-30""}",0.0,0.0,0,0,
slow_zero_7,slow,zero,7,pulse100,1,39990,0.0028688945895170214,2.5377435740577122e-05,0.00011894157738155707,0.008845719125863532,0.003473496303542748,0.003473496303542748,9.000000000000002e-05,False,0.020299098153138184,0.02030000000000004,,,,,0.9899471999960952,1.0,64,768,"{""dominance"": 0.998392905917056, ""entropy"": 0.012872059267550385, ""reason"": ""descriptive only""}",0.0,0.0,0,0,
slow_zero_7,slow,zero,7,carry,0,39990,0.0028688945895170214,0.0,0.0,0.0,0.0,0.0034410754132974185,0.0,True,0.0,0.0,,,,,1.681121500005247,1.6981930955629536,128,768,"{""dominance"": null, ""entropy"": null, ""reason"": ""centered window energy below 1e-30""}",0.0,0.0,0,3992,
slow_zero_7,slow,zero,7,carry,1,39990,0.0028688945895170214,2.888117562679692e-06,5.638035315489332e-06,0.0010067004808168665,0.0034410754132974185,0.0034410754132974185,7.999999999999999e-05,False,0.0028178097459612417,0.0028199999999998226,,,,,1.681121500005247,1.6981930955629536,128,768,"{""dominance"": 0.9985793882220796, ""entropy"": 0.012863392214566468, ""reason"": ""descriptive only""}",4.999966123339639e-06,0.0,0,3992,
